<?xml version="1.0" encoding="UTF-8"?>
<window id="1130" type="window">
	<defaultcontrol always="true">50</defaultcontrol>
	<controls>
		<include>CommonBackground</include>
		<control type="group">
			<!-- <visible>!Window.IsActive(addoninformation)</visible> -->
			<include>WindowSlide</include>
			<control type="group">
				<left>75</left>
				<top>160</top>
				<width>780</width>
				<height>870</height>
				<include>SettingsBG</include>
				<control type="list" id="50">
					<top>10</top>
					<width>780</width>
					<height>840</height>
					<onright>51</onright>
					<onup>50</onup>
					<ondown>50</ondown>
					<scrolltime tween="quadratic" easing="out">200</scrolltime>
					<itemlayout height="120" width="780">
						<control type="image">
							<left>15</left>
							<top>8</top>
							<width>105</width>
							<height>105</height>
							<aspectratio>keep</aspectratio>
							<texture background="true">$INFO[ListItem.Icon]</texture>
							<colordiffuse>grey2</colordiffuse>
						</control>
						<control type="image">
							<left>15</left>
							<top>8</top>
							<width>105</width>
							<height>105</height>
							<aspectratio>keep</aspectratio>
							<texture background="true" colordiffuse="black">$INFO[ListItem.Icon]</texture>
						</control>
						<control type="label">
							<left>135</left>
							<top>5</top>
							<width>655</width>
							<height>70</height>
							<label>$INFO[ListItem.Label]</label>
							<animation effect="slide" start="0,0" end="0,25" time="0" condition="String.IsEmpty(ListItem.AddonSummary)">Conditional</animation>
						</control>
						<control type="label">
							<left>60</left>
							<width>730</width>
							<height>120</height>
							<align>right</align>
							<label>$INFO[ListItem.Label2]</label>
						</control>
					</itemlayout>
					<focusedlayout height="120" width="780">
						<control type="image">
							<width>780</width>
							<height>120</height>
							<include>FOFadeIn</include>
							<texture background="true" border="0">listpanelButton.png</texture>
						</control>
						<control type="image">
							<left>15</left>
							<top>8</top>
							<width>105</width>
							<height>105</height>
							<aspectratio>keep</aspectratio>
							<texture background="true">$INFO[ListItem.Icon]</texture>
						</control>
						<control type="label">
							<left>135</left>
							<top>5</top>
							<width>655</width>
							<height>70</height>
							<textcolor>white</textcolor>
							<shadowcolor>black</shadowcolor>
							<label>$INFO[ListItem.Label]</label>
							<animation effect="slide" start="0,0" end="0,25" time="0" condition="String.IsEmpty(ListItem.AddonSummary)">Conditional</animation>
						</control>
						<control type="label">
							<left>60</left>
							<width>730</width>
							<height>120</height>
							<align>right</align>
							<textcolor>themecolor</textcolor>
							<selectedcolor>selected</selectedcolor>
							<label>$INFO[ListItem.Label2]</label>
						</control>
					</focusedlayout>
					<content>
						<item id="1">
							<label>BACK</label>
							<icon>defaultFolderBack.png</icon>
							<onclick>ActivateWindow(Home)</onclick>
						</item>
						<item id="2">
							<label>$LOCALIZE[1037]</label>
							<icon>defaultaddonVideo.png</icon>
							<property name="AppsTarget">videos</property>
							<property name="AppsContent">addons://sources/video/</property>
							<property name="AppsSortBy">lastused</property>
							<onclick>ActivateWindow(Videos,Addons,return)</onclick>
						</item>
						<item id="3">
							<label>$LOCALIZE[1038]</label>
							<icon>defaultaddonMusic.png</icon>
							<property name="AppsTarget">music</property>
							<property name="AppsContent">addons://sources/audio/</property>
							<property name="AppsSortBy">lastused</property>
							<onclick>ActivateWindow(Music,Addons,return)</onclick>
						</item>
						<item id="4">
							<label>$LOCALIZE[1039]</label>
							<icon>defaultaddonPicture.png</icon>
							<property name="AppsTarget">pictures</property>
							<property name="AppsContent">addons://sources/image/</property>
							<property name="AppsSortBy">lastused</property>
							<onclick>ActivateWindow(Pictures,Addons,return)</onclick>
						</item>
						<item id="5">
							<label>$LOCALIZE[1043]</label>
							<icon>defaultaddonProgram.png</icon>
							<property name="AppsTarget">programs</property>
							<property name="AppsContent">addons://sources/executable/</property>
							<property name="AppsSortBy">lastused</property>
							<onclick>ActivateWindow(Programs,Addons,return)</onclick>
						</item>
						<item id="6">
							<label>$LOCALIZE[10040]</label>
							<icon>defaultaddon.png</icon>
							<property name="AppsTarget"></property>
							<property name="AppsContent">addons://user/all/</property>
							<property name="AppsSortBy">lastupdated</property>
							<onclick>ActivateWindow(AddonBrowser,return)</onclick>
						</item>
						<item id="7">
							<label>$LOCALIZE[1036]</label>
							<icon>defaultFavourites.png</icon>
							<property name="AppsTarget" />
							<property name="AppsContent">favourites://</property>
							<property name="AppsSortBy" />
							<onclick>ActivateWindow(Favourites)</onclick>
						</item>
						<item id="8">
							<label>$LOCALIZE[20244]</label>
							<icon>defaultaddonAndroid.png</icon>
							<property name="AppsTarget">programs</property>
							<property name="AppsContent">androidapp://sources/apps/</property>
							<property name="AppsSortBy">lastused</property>
							<onclick>ActivateWindow(Programs,return)</onclick>
							<visible>System.Platform.Android</visible>
						</item>
					</content>
				</control>
			</control>
			<control type="group">
				<right>75</right>
				<top>155</top>
				<width>940</width>
				<height>865</height>
				<include>SettingsBG</include>
				<control type="panel" id="51">
					<top>10</top>
					<left>10</left>
					<width>1000</width>
					<height>840</height>
					<onleft>50</onleft>
					<onup>51</onup>
					<ondown>51</ondown>
					<onclick condition="Container(50).HasFocus">$INFO[ListItem.FileNameAndPath]</onclick>
					<animation effect="fade" start="100" end="0" time="300" condition="Container(51).IsUpdating">conditional</animation>
					<viewtype>icon</viewtype>
					<scrolltime tween="quadratic" easing="out">200</scrolltime>
					<itemlayout height="210" width="310">
						<control type="image">
							<left>95</left>
							<top>20</top>
							<width>110</width>
							<height>110</height>
							<aspectratio>scale</aspectratio>
							<texture>addonback.png</texture>
						</control>
						<control type="image">
							<left>95</left>
							<top>20</top>
							<width>110</width>
							<height>110</height>
							<!-- <aspectratio>scale</aspectratio> -->
							<texture border="0" background="true" diffuse="addondif.png">$INFO[ListItem.Icon]</texture>
						</control>
						<control type="image">
							<width>300</width>
							<height>200</height>
							<aspectratio>scale</aspectratio>
							<bordersize>0</bordersize>
							<texture border="0" background="true">addonpanel.png</texture>
						</control>
						<control type="textbox">
							<left>10</left>
							<height>60</height>
							<top>135</top>
							<width>280</width>
							<font>font22r</font>
							<align>center</align>
							<aligny>center</aligny>
							<wrapltiline>true</wrapltiline>
							<label>$INFO[ListItem.Label]</label>
						</control>
					</itemlayout>
					<focusedlayout height="200" width="310">
						<control type="group">
							<include>PanelZoom</include>
							<control type="image">
								<left>95</left>
								<top>20</top>
								<width>110</width>
								<height>110</height>
								<aspectratio>scale</aspectratio>
								<texture>addonback.png</texture>
							</control>
							<control type="image">
								<left>95</left>
								<top>20</top>
								<width>110</width>
								<height>110</height>
								<aspectratio>scale</aspectratio>
								<texture border="0" background="true" diffuse="addondif.png">$INFO[ListItem.Icon]</texture>
							</control>
							<control type="image">
								<width>300</width>
								<height>200</height>
								<aspectratio>scale</aspectratio>
								<bordersize>0</bordersize>
								<texture border="0" background="true">addonpanel.png</texture>
							</control>
							<control type="textbox">
								<left>10</left>
								<height>60</height>
								<top>135</top>
								<width>280</width>
								<font>font22r</font>
								<align>center</align>
								<aligny>center</aligny>
								<wrapltiline>true</wrapltiline>
								<label>$INFO[ListItem.Label]</label>
							</control>
						</control>
					</focusedlayout>
					<content target="$INFO[Container(50).ListItem.Property(AppsTarget)]" sortby="$INFO[Container(50).ListItem.Property(AppsSortBy)]" sortorder="descending">$INFO[Container(50).ListItem.Property(AppsContent)]</content>
				</control>
			</control>
		</control>
		<include>Topbar</include>
	</controls>
</window>