<?xml version="1.0" encoding="UTF-8"?>
<includes>
	<default type="image">
		<texture />
	</default>
	<default type="label">
		<top>0</top>
		<align>left</align>
		<aligny>center</aligny>
		<font>font45</font>
		<label />
		<textcolor>black</textcolor>
		<disabledcolor>grey3</disabledcolor>
		<selectedcolor>themecolor</selectedcolor>
		<shadowcolor>white</shadowcolor>
		<scrollspeed>100</scrollspeed>
	</default>
	<default type="fadelabel">
		<left>0</left>
		<top>0</top>
		<font>font40</font>
		<textcolor>white2</textcolor>
		<disabledcolor>grey3</disabledcolor>
		<scroll>true</scroll>
		<scrollspeed>40</scrollspeed>
	</default>
	<default type="button">
		<top>0</top>
		<height />
		<width />
		<font>font30B</font>
		<textcolor>black</textcolor>
		<shadowcolor>white</shadowcolor>
		<focusedcolor>white2</focusedcolor>
		<disabledcolor>grey4</disabledcolor>
		<textoffsetx>15</textoffsetx>
		<aligny>center</aligny>
		<texturefocus>button.png</texturefocus>
		<texturenofocus border="5">divider.png</texturenofocus>
		<pulseonselect>false</pulseonselect>
	</default>
	<default type="togglebutton">
		<left>0</left>
		<top>0</top>
		<width>30</width>
		<height>60</height>
		<textoffsetx>15</textoffsetx>
		<font>font30B</font>
		<textcolor>white2</textcolor>
		<focusedcolor>white2</focusedcolor>
		<disabledcolor>grey4</disabledcolor>
		<texturefocus border="40" colordiffuse="selected">2.png</texturefocus>
		<texturenofocus border="5">divider.png</texturenofocus>
		<pulseonselect>false</pulseonselect>
	</default>
	<default type="textbox">
		<align>left</align>
		<textcolor>white2</textcolor>
		<font>font35tb</font>
		<shadowcolor>black</shadowcolor>
		<autoscroll time="3000" delay="2500" repeat="5000" />
	</default>
	<default type="progress">
		<left>0</left>
		<top>0</top>
	</default>
	<default type="spincontrol">
		<left>0</left>
		<top>0</top>
		<textureup>android/numberpicker_up_normal_holo_dark.png</textureup>
		<texturedown>android/numberpicker_down_normal_holo_dark.png</texturedown>
		<textureupfocus>android/numberpicker_up_longpressed_holo_dark.png</textureupfocus>
		<texturedownfocus>android/numberpicker_down_longpressed_holo_dark.png</texturedownfocus>
		<texturedowndisabled colordiffuse="40FFFFFF">android/numberpicker_down_normal_holo_dark.png</texturedowndisabled>
		<textureupdisabled colordiffuse="40FFFFFF">android/numberpicker_up_normal_holo_dark.png</textureupdisabled>
		<align>right</align>
		<width>40</width>
		<height>25</height>
		<reverse>yes</reverse>
		<font>font35B</font>
		<textcolor>white2</textcolor>
		<focusedcolor>white2</focusedcolor>
		<disabledcolor>grey4</disabledcolor>
		<texturefocus border="40" colordiffuse="selected">2.png</texturefocus>
		<texturenofocus border="5">divider.png</texturenofocus>
		<subtype>text</subtype>
		<textoffsetx>0</textoffsetx>
		<textoffsety>0</textoffsety>
		<aligny>center</aligny>
		<pulseonselect>false</pulseonselect>
	</default>
	<default type="spincontrolex">
		<left>0</left>
		<top>0</top>
		<width>450</width>
		<height>60</height>
		<spinwidth>40</spinwidth>
		<spinheight>25</spinheight>
		<textureup>android/numberpicker_up_normal_holo_dark.png</textureup>
		<texturedown>android/numberpicker_down_normal_holo_dark.png</texturedown>
		<textureupfocus>android/numberpicker_up_longpressed_holo_dark.png</textureupfocus>
		<texturedownfocus>android/numberpicker_down_longpressed_holo_dark.png</texturedownfocus>
		<texturedowndisabled colordiffuse="40FFFFFF">android/numberpicker_down_normal_holo_dark.png</texturedowndisabled>
		<textureupdisabled colordiffuse="40FFFFFF">android/numberpicker_up_normal_holo_dark.png</textureupdisabled>
		<font>font35B</font>
		<textcolor>white2</textcolor>
		<focusedcolor>white2</focusedcolor>
		<disabledcolor>grey4</disabledcolor>
		<texturefocus border="40" colordiffuse="selected">2.png</texturefocus>
		<texturenofocus border="5">divider.png</texturenofocus>
		<textoffsetx>15</textoffsetx>
		<aligny>center</aligny>
		<reverse>yes</reverse>
		<pulseonselect>false</pulseonselect>
	</default>
	<default type="radiobutton">
		<left>0</left>
		<top>0</top>
		<width>450</width>
		<height>60</height>
		<radiowidth>64</radiowidth>
		<radioheight>64</radioheight>
		<textureradioonfocus>android/btn_radio_on_holo_dark.png</textureradioonfocus>
		<textureradioonnofocus>android/btn_radio_on_holo_dark.png</textureradioonnofocus>
		<textureradioofffocus>android/btn_radio_off_holo_dark.png</textureradioofffocus>
		<textureradiooffnofocus>android/btn_radio_off_holo_dark.png</textureradiooffnofocus>
		<textureradioondisabled colordiffuse="40FFFFFF">android/btn_radio_on_holo_dark.png</textureradioondisabled>
		<textureradiooffdisabled colordiffuse="40FFFFFF">android/btn_radio_off_holo_dark.png</textureradiooffdisabled>
		<font>font35B</font>
		<textcolor>white2</textcolor>
		<focusedcolor>white2</focusedcolor>
		<disabledcolor>grey4</disabledcolor>
		<texturefocus border="40" colordiffuse="selected">2.png</texturefocus>
		<texturenofocus border="5">divider.png</texturenofocus>
		<textoffsetx>15</textoffsetx>
		<aligny>center</aligny>
		<pulseonselect>false</pulseonselect>
	</default>
	<default type="selectbutton">
		<left>0</left>
		<top>0</top>
		<width>450</width>
		<height>60</height>
		<label />
		<font>font35B</font>
		<texturefocus />
		<texturenofocus />
		<texturebg />
		<textureleft>scroll-left.png</textureleft>
		<textureleftfocus colordiffuse="themecolor">scroll-left.png</textureleftfocus>
		<textureright>scroll-right.png</textureright>
		<texturerightfocus colordiffuse="themecolor">scroll-right.png</texturerightfocus>
		<textcolor>grey2</textcolor>
		<textoffsetx>15</textoffsetx>
		<focusedcolor>white</focusedcolor>
		<disabledcolor>grey4</disabledcolor>
		<align>left</align>
		<aligny>center</aligny>
		<pulseonselect>false</pulseonselect>
		<texturefocus border="40" colordiffuse="selected">2.png</texturefocus>
		<texturenofocus border="5">divider.png</texturenofocus>
	</default>
	<default type="slider">
		<left>0</left>
		<top>0</top>
		<orientation>horizontal</orientation>
		<texturefocus border="40" colordiffuse="selected">2.png</texturefocus>
		<texturenofocus border="5">divider.png</texturenofocus>
	</default>
	<default type="sliderex">
		<left>0</left>
		<top>0</top>
		<height>60</height>
		<textoffsetx>15</textoffsetx>
		<aligny>center</aligny>
		<font>font35B</font>
		<textcolor>white2</textcolor>
		<focusedcolor>white2</focusedcolor>
		<disabledcolor>grey4</disabledcolor>
		<texturefocus border="40" colordiffuse="selected">2.png</texturefocus>
		<texturenofocus border="5">divider.png</texturenofocus>
		<sliderwidth>150</sliderwidth>
		<sliderheight>20</sliderheight>
		<texturesliderbar>osd_slider_bg.png</texturesliderbar>
		<textureslidernib>osd_slider_nibNF.png</textureslidernib>
		<textureslidernibfocus>osd_slider_nib.png</textureslidernibfocus>
		<pulseonselect>false</pulseonselect>
	</default>
	<default type="mover">
		<left>0</left>
		<top>0</top>
		<texturefocus border="40" colordiffuse="selected">2.png</texturefocus>
		<texturenofocus border="5">divider.png</texturenofocus>
		<pulseonselect>false</pulseonselect>
	</default>
	<default type="resize">
		<left>0</left>
		<top>0</top>
		<texturefocus border="40" colordiffuse="selected">2.png</texturefocus>
		<texturenofocus border="5">divider.png</texturenofocus>
		<pulseonselect>false</pulseonselect>
	</default>
	<default type="edit">
		<left>0</left>
		<top>0</top>
		<width>450</width>
		<height>60</height>
		<texturefocus border="40" colordiffuse="selected">2.png</texturefocus>
		<texturenofocus border="5">divider.png</texturenofocus>
		<font>font35B</font>
		<textcolor>grey2</textcolor>
		<focusedcolor>white2</focusedcolor>
		<disabledcolor>grey4</disabledcolor>
		<invalidcolor>black</invalidcolor>
		<textoffsetx>15</textoffsetx>
		<aligny>center</aligny>
		<pulseonselect>false</pulseonselect>
	</default>
	<default type="group">
		<left />
		<top />
	</default>
	<default type="grouplist">
		<top>0</top>
		<itemgap>0</itemgap>
	</default>
</includes>