<?xml version="1.0" encoding="UTF-8"?>
<window>
	<defaultcontrol always="true">9000</defaultcontrol>
	<controls>
		<control type="panel" id="50">
			<include>HiddenList</include>
		</control>
		<control type="group">
			<include>slideright</include>

<!-- Left Panel -->
			<control type="group">
				<top>120</top>
				<left>80</left>
				<width>500</width>
				<height>920</height>
				<!-- <include>WindowSlide</include> -->
				<include>SettingsBG</include>
				<control type="image">
					<width>500</width>
					<height>390</height>
					<texture background="true" border="20">80.png</texture>
					<bordersize>10</bordersize>
				</control>
				<control type="image">
					<left>75</left>
					<top>20</top>
					<width>350</width>
					<height>350</height>
					<aspectratio>keep</aspectratio>
					<texture>$INFO[ListItem.Icon]</texture>
				</control>
				<control type="grouplist" id="9000">
					<left>20</left>
					<top>390</top>
					<width>500</width>
					<height>520</height>
					<onleft>60</onleft>
					<onright>60</onright>
					<onup>9000</onup>
					<ondown>9000</ondown>
					<itemgap>0</itemgap>
					<control type="button" id="9">
						<description>Configure Addon</description>
						<width>460</width>
						<height>70</height>
						<label>24020</label>
						<textcolor>black</textcolor>
						<font>font30</font>
						<focusedcolor>white2</focusedcolor>
						<disabledcolor>grey4</disabledcolor>
					</control>
					<control type="button" id="8">
						<description>Update Addon button</description>
						<width>460</width>
						<height>70</height>
						<label>24069</label>
						<font>font30</font>
						<textcolor>black</textcolor>
						<focusedcolor>white2</focusedcolor>
						<disabledcolor>grey4</disabledcolor>
					</control>
					<control type="button" id="200">
						<description>Screenshot button</description>
						<width>460</width>
						<height>70</height>
						<label>$LOCALIZE[1000]</label>
						<font>font30</font>
						<textcolor>black</textcolor>
						<focusedcolor>white2</focusedcolor>
						<disabledcolor>grey4</disabledcolor>
						<onclick>SetFocus(50)</onclick>
						<onclick>Action(select)</onclick>
						<onclick>SetFocus(9000)</onclick>
						<enable>Integer.IsGreater(Container(50).NumItems,0)</enable>
					</control>
					<control type="button" id="12">
						<description>Launch Addon button</description>
						<width>460</width>
						<height>70</height>
						<label>518</label>
						<font>font30</font>
						<textcolor>black</textcolor>
						<focusedcolor>white2</focusedcolor>
						<disabledcolor>grey4</disabledcolor>
					</control>
					<control type="button" id="6">
						<description>Install/UnInstall Addon button</description>
						<width>460</width>
						<height>70</height>
						<label>24022</label>
						<font>font30</font>
						<textcolor>black</textcolor>
						<focusedcolor>white2</focusedcolor>
						<disabledcolor>grey4</disabledcolor>
					</control>
					<control type="button" id="7">
						<description>Enable/Disable Addon button</description>
						<width>460</width>
						<height>70</height>
						<label>24021</label>
						<font>font30</font>
						<textcolor>black</textcolor>
						<focusedcolor>white2</focusedcolor>
						<disabledcolor>grey4</disabledcolor>
					</control>
					<control type="radiobutton" id="13">
						<description>Auto Update Addon button</description>
						<width>460</width>
						<height>70</height>
						<label>21340</label>
						<font>font30</font>
						<textcolor>black</textcolor>
						<focusedcolor>white2</focusedcolor>
						<disabledcolor>grey4</disabledcolor>
					</control>
				</control>
			</control>

<!-- Right Panel -->
			<control type="group">
				<left>640</left>
				<top>120</top>
				<left>100</left>
				<width>1200</width>
				<height>920</height>
				<!-- <include>WindowSlide</include> -->
				<include>SettingsBG</include>
				<control type="group">
					<control type="grouplist">
						<left>32</left>
						<top>32</top>
						<width>600</width>
						<itemgap>10</itemgap>
						<control type="button">
							<width>600</width>
							<label>[COLOR themecolor]$LOCALIZE[560]:[/COLOR][CR][COLOR black]$INFO[ListItem.Property(Addon.ID)][/COLOR]</label>
							<include>SettingsPanelButtonsValues</include>
						</control>
						<control type="button">
							<width>300</width>
							<label>[COLOR themecolor]$LOCALIZE[24051][/COLOR][CR][COLOR black]$INFO[ListItem.AddonVersion][/COLOR]</label>
							<include>SettingsPanelButtonsValues</include>
						</control>
						<control type="button">
							<label>[COLOR themecolor]$LOCALIZE[21863]:[/COLOR][CR][COLOR black]$INFO[ListItem.AddonCreator][/COLOR]</label>
							<include>SettingsPanelButtonsValues</include>
						</control>
					</control>
					<control type="grouplist">
						<left>600</left>
						<top>32</top>
						<itemgap>10</itemgap>
						<width>600</width>
						<usecontrolcoords>true</usecontrolcoords>
						<control type="button">
							<width>600</width>
							<label>[COLOR themecolor]$LOCALIZE[146][/COLOR][CR][COLOR black]$INFO[ListItem.AddonType][/COLOR]</label>
							<include>SettingsPanelButtonsValues</include>
						</control>
						<control type="button">
							<width>600</width>
							<label>[COLOR themecolor]$LOCALIZE[12013]:[/COLOR][CR][COLOR black]$INFO[ListItem.AddonInstallDate][/COLOR]</label>
							<include>SettingsPanelButtonsValues</include>
						</control>
						<control type="button">
							<width>600</width>
							<label>[COLOR themecolor]Summary:[/COLOR][CR][COLOR black]$INFO[ListItem.AddonSummary][/COLOR]</label>
							<include>SettingsPanelButtonsValues</include>
						</control>
					</control>
					<control type="grouplist">
						<left>47</left>
						<top>340</top>
						<height>580</height>
						<usecontrolcoords>true</usecontrolcoords>
						<pagecontrol>60</pagecontrol>
						<control type="textbox" id="400">
							<description>Description</description>
							<width>1100</width>
							<height>180</height>
							<font>font35tb</font>
							<align>justify</align>
							<textcolor>black</textcolor>
							<shadowcolor>white</shadowcolor>
							<label>$INFO[ListItem.AddonDescription,[COLOR themecolor]$LOCALIZE[21821]: [/COLOR][CR]]</label>
						</control>
						<control type="image">
							<top>-40</top>
							<width>1316</width>
							<height>60</height>
							<texture border="1">separator2.png</texture>
						</control>
						<control type="textbox">
							<description>What's new</description>
							<width>1256</width>
							<height>180</height>
							<font>font35tb</font>
							<align>justify</align>
							<textcolor>black</textcolor>
							<shadowcolor>white</shadowcolor>
							<label>[COLOR themecolor]$LOCALIZE[24054]: [/COLOR][CR]$INFO[ListItem.AddonNews]</label>
						</control>
						<control type="image">
							<top>-40</top>
							<width>1316</width>
							<height>60</height>
							<texture border="1">separator2.png</texture>
							<visible>!String.IsEmpty(ListItem.AddonDisclaimer)</visible>
						</control>
						<control type="textbox">
							<description>Disclaimer</description>
							<width>1256</width>
							<height>180</height>
							<font>font35tb</font>
							<textcolor>black</textcolor>
							<shadowcolor>white</shadowcolor>
							<align>justify</align>
							<label>[COLOR themecolor]Disclaimer: [/COLOR][CR]$INFO[ListItem.AddonDisclaimer]</label>
						</control>
					</control>
				</control>
			</control>

<!-- Broken -->
			<control type="group">
				<left>522</left>
				<top>751</top>
				<visible>!Window.isVisible(AddonSettings) + !Window.IsActive(TextViewer)</visible>
				<visible>!String.IsEmpty(ListItem.AddonBroken)</visible>
				<control type="image">
					<width>120</width>
					<height>120</height>
					<aspectratio align="left">keep</aspectratio>
					<bordersize>1,1,2,1</bordersize>
					<texture>DefaultIconError.png</texture>
				</control>
				<control type="fadelabel">
					<left>120</left>
					<top>10</top>
					<width>1181</width>
					<height>115</height>
					<aligny>top</aligny>
					<textcolor>themecolor</textcolor>
					<textoffsetx>15</textoffsetx>
					<font>font35B</font>
					<label>24096</label>
				</control>
				<control type="fadelabel">
					<left>120</left>
					<top>55</top>
					<width>1181</width>
					<height>50</height>
					<textcolor>grey2</textcolor>
					<textoffsetx>15</textoffsetx>
					<font>font35B</font>
					<label>$INFO[ListItem.AddonBroken]</label>
				</control>
			</control>
		</control>
	</controls>
</window>