<?xml version="1.0" encoding="UTF-8"?>
<window>
	<defaultcontrol>9000</defaultcontrol>
	<onload condition="Control.IsVisible(10)">SetFocus(10)</onload>
	<controls>
		<control type="group">
			<left>450</left>
			<top>240</top>
			<width>1000</width>
			<height>540</height>
			<include>DialogAnimation</include>
			<include>SettingsBG</include>
			<control type="label" id="1">
				<description>fake heading label</description>
				<width>0</width>
				<height>0</height>
				<font />
				<visible>false</visible>
			</control>
			<control type="image">
				<left>20</left>
				<top>20</top>
				<width>960</width>
				<height>500</height>
				<texture border="5">85.png</texture>
			</control>
			<control type="progress">
				<description>Progressbar</description>
				<left>30</left>
				<top>940</top>
				<width>856</width>
				<height>38</height>
				<info>System.Progressbar</info>
				<texturebg border="1">osd/texturebg_cache.png</texturebg>
				<lefttexture />
				<midtexture border="2" diffuse="midtexturedif2">osd/midtexture.png</midtexture>
				<righttexture />
				<overlaytexture />
				<visible>Window.IsActive(progressdialog)</visible>
			</control>
			<control type="label">
				<description>header label</description>
				<left>30</left>
				<top>32</top>
				<width>940</width>
				<height>40</height>
				<textoffsetx>15</textoffsetx>
				<font>font40</font>
				<label>$INFO[Control.GetLabel(1)] $INFO[System.Progressbar,- ,%]</label>
				<align>center</align>
				<textcolor>white2</textcolor>
			</control>
			<control type="textbox" id="9">
				<description>dialog line 1/2/3</description>
				<left>45</left>
				<top>98</top>
				<width>940</width>
				<height>282</height>
				<font>font35tb</font>
				<label />
				<textcolor>grey2</textcolor>
				<autoscroll time="3000" delay="4000" repeat="5000">true</autoscroll>
			</control>
			<control type="grouplist" id="9000">
				<left>30</left>
				<top>420</top>
				<width>940</width>
				<height>80</height>
				<orientation>horizontal</orientation>
				<align>center</align>
				<itemgap>50</itemgap>
				<control type="button" id="11">
					<description>Yes button</description>
					<width>400</width>
					<label>107</label>
					<textcolor>grey2</textcolor>
					<align>center</align>
					<onleft>10</onleft>
					<onright>10</onright>
					<onup>11</onup>
					<ondown>11</ondown>
				</control>
				<control type="button" id="10">
					<description>No button</description>
					<width>400</width>
					<label>106</label>
					<textcolor>grey2</textcolor>
					<align>center</align>
					<onleft>11</onleft>
					<onright>11</onright>
					<onup>10</onup>
					<ondown>10</ondown>
				</control>
			</control>
		</control>
	</controls>
</window>