<?xml version="1.0" encoding="utf-8"?>
<window>
	<onload condition="[VideoPlayer.Content(movies) | VideoPlayer.Content(episodes)]">SetFocus(5000)</onload>
	<onload condition="VideoPlayer.Content(livetv)">SetFocus(64)</onload>
	<!-- this switches back to "You are watching ..." -->
	<controls>
		<control type="button" id="64">
			<include>HiddenObject</include>
			<onclick condition="VideoPlayer.Content(livetv)">Skin.ToggleSetting(TogglePlotLiveTV)</onclick>
			<onup condition="VideoPlayer.Content(livetv)">Skin.ToggleSetting(Enable.LiveTVFullPlot)</onup>
			<!-- this switches back to NOW -->
		</control>
		<control type="group">
			<animation effect="slide" start="0,-100" end="0,0" time="200">WindowOpen</animation>
			<visible>!Window.IsActive(videoosd) + !VideoPlayer.Content(episodes) + !VideoPlayer.Content(movies) + !VideoPlayer.Content(LiveTV)</visible>
			<control type="image">
				<width>100%</width>
				<height>122</height>
				<texture border="1,1,1,40">top_bar.png</texture>
			</control>
			<control type="grouplist">
				<width>100%</width>
				<height>90</height>
				<align>center</align>
				<orientation>horizontal</orientation>
				<control type="image">
					<width>320</width>
					<height>88</height>
					<include>MediaFlagVars</include>
					<texture background="true">$INFO[Player.Art(thumb)]</texture>
					<visible>VideoPlayer.Content(livetv)</visible>
				</control>
				<control type="image">
					<colordiffuse>$VAR[StudioFlagColorVar]</colordiffuse>
					<width>260</width>
					<include>MediaFlagVars</include>
					<bordersize>2</bordersize>
					<texture fallback="flags/studios/default-studio.png">$VAR[Studio]</texture>
				</control>
				<control type="image">
					<width>320</width>
					<colordiffuse>grey2</colordiffuse>
					<include>MediaFlagVars</include>
					<texture fallback="flags/mpaa/NR.png">$INFO[ListItem.MPAA,flags/mpaa/,.png]</texture>
					<visible>!VideoPlayer.Content(livetv)</visible>
				</control>
				<control type="image">
					<width>320</width>
					<colordiffuse>grey2</colordiffuse>
					<include>MediaFlagVars</include>
					<texture>$INFO[VideoPlayer.VideoResolution,flags/resolution/,.png]</texture>
				</control>
				<control type="image">
					<width>320</width>
					<colordiffuse>grey2</colordiffuse>
					<include>MediaFlagVars</include>
					<texture>$INFO[VideoPlayer.AudioCodec,flags/audio/,.png]</texture>
				</control>
				<control type="image">
					<width>320</width>
					<colordiffuse>grey2</colordiffuse>
					<include>MediaFlagVars</include>
					<texture>$INFO[VideoPlayer.AudioChannels,flags/channels/,.png]</texture>
					<visible>VideoPlayer.Content(livetv)</visible>
				</control>
				<control type="image">
					<width>320</width>
					<colordiffuse>grey2</colordiffuse>
					<include>MediaFlagVars</include>
					<texture>$INFO[VideoPlayer.VideoCodec,flags/video/,.png]</texture>
				</control>
				<control type="image">
					<width>320</width>
					<colordiffuse>grey2</colordiffuse>
					<include>MediaFlagVars</include>
					<texture>$INFO[VideoPlayer.VideoAspect,flags/aspectratio/,.png]</texture>
				</control>
			</control>
		</control>
		<control type="group">
			<visible>VideoPlayer.Content(movies) | VideoPlayer.Content(episodes)</visible>
			<animation effect="slide" end="0,0" start="0,-540" time="200" tween="quadratic" easing="out">WindowOpen</animation>
			<animation effect="slide" start="0,0" end="0,-540" time="200" tween="quadratic" easing="out">WindowClose</animation>
			<control type="image">
				<width>100%</width>
				<height>540</height>
				<texture border="1,1,1,40">65.png</texture>
			</control>
			<control type="group">
				<visible>VideoPlayer.Content(movies)</visible>
				<control type="image">
					<width>338</width>
					<height>508</height>
					<aspectratio align="left">keep</aspectratio>
					<texture background="true">$INFO[Player.Art(poster)]</texture>
					<fadetime>400</fadetime>
					<bordertexture border="1,1,2,1">65.png</bordertexture>
					<bordersize>1,1,2,1</bordersize>
				</control>
				<control type="grouplist">
					<left>340</left>
					<width>1580</width>
					<height>508</height>
					<control type="button">
						<label>$INFO[Player.Title]</label>
						<width>760</width>
						<font>font40_title</font>
						<height>60</height>
						<include>ShowCaseInfoPanelButtonsValues</include>
						<visible>!String.IsEmpty(Player.Title)</visible>
					</control>
					<control type="button">
						<label>[COLOR themecolor]$LOCALIZE[20339]:[/COLOR][CR]$INFO[VideoPlayer.Director]</label>
						<width>760</width>
						<include>ShowCaseInfoPanelButtonsValues</include>
						<visible>!String.IsEmpty(VideoPlayer.Director)</visible>
					</control>
					<control type="button">
						<label>[COLOR themecolor]$LOCALIZE[20417]:[/COLOR][CR]$INFO[VideoPlayer.Writer]</label>
						<width>760</width>
						<include>ShowCaseInfoPanelButtonsValues</include>
						<visible>!String.IsEmpty(VideoPlayer.Writer)</visible>
					</control>
					<control type="button">
						<label>[COLOR themecolor]$LOCALIZE[515]:[/COLOR][CR]$INFO[VideoPlayer.Genre]</label>
						<width>760</width>
						<include>ShowCaseInfoPanelButtonsValues</include>
						<visible>!String.IsEmpty(VideoPlayer.Genre)</visible>
					</control>
					<control type="group">
						<control type="button">
							<label>[COLOR themecolor]$LOCALIZE[563]:[/COLOR][CR]$INFO[VideoPlayer.RatingAndVotes]$INFO[VideoPlayer.Top250, / $LOCALIZE[13409] #]</label>
							<width>570</width>
							<include>ShowCaseInfoPanelButtonsValues</include>
							<visible>!String.IsEmpty(VideoPlayer.RatingAndVotes)</visible>
						</control>
						<control type="image">
							<left>569</left>
							<height>89</height>
							<width>2</width>
							<texture border="1">separator3.png</texture>
						</control>
						<control type="button">
							<label>[COLOR themecolor]$LOCALIZE[345]:[/COLOR][CR]$INFO[VideoPlayer.Year]</label>
							<left>570</left>
							<width>190</width>
							<include>ShowCaseInfoPanelButtonsValues</include>
							<visible>!String.IsEmpty(VideoPlayer.Year)</visible>
						</control>
					</control>
				</control>
			</control>
			<control type="group">
				<visible>VideoPlayer.Content(episodes)</visible>
				<control type="image">
					<width>338</width>
					<height>508</height>
					<aspectratio align="left">keep</aspectratio>
					<texture background="true">$INFO[Player.Art(tvshow.poster)]</texture>
					<fadetime>400</fadetime>
					<bordertexture border="1,1,2,1">65.png</bordertexture>
					<bordersize>1,1,2,1</bordersize>
				</control>
				<control type="grouplist">
					<left>340</left>
					<width>1580</width>
					<height>508</height>
					<control type="button">
						<label>$INFO[Player.Title]</label>
						<width>760</width>
						<font>font40_title</font>
						<height>60</height>
						<include>ShowCaseInfoPanelButtonsValues</include>
						<visible>!String.IsEmpty(Player.Title)</visible>
					</control>
					<control type="button">
						<label>[COLOR themecolor]$LOCALIZE[20364]:[/COLOR][CR]$INFO[VideoPlayer.TvShowTitle]</label>
						<width>760</width>
						<include>ShowCaseInfoPanelButtonsValues</include>
						<visible>!String.IsEmpty(VideoPlayer.TvShowTitle)</visible>
					</control>
					<control type="button">
						<label>[COLOR themecolor]$LOCALIZE[20352]:[/COLOR][CR]$INFO[VideoPlayer.Season,$LOCALIZE[20373] ,], $INFO[VideoPlayer.Episode,$LOCALIZE[20452] , , ]</label>
						<width>760</width>
						<include>ShowCaseInfoPanelButtonsValues</include>
						<visible>!String.IsEmpty(VideoPlayer.Episode)</visible>
					</control>
					<control type="button">
						<label>[COLOR themecolor]$LOCALIZE[563]:[/COLOR][CR]$INFO[VideoPlayer.RatingAndVotes]</label>
						<width>760</width>
						<include>ShowCaseInfoPanelButtonsValues</include>
						<visible>!String.IsEmpty(VideoPlayer.RatingAndVotes)</visible>
					</control>
					<control type="button">
						<label>[COLOR themecolor]$LOCALIZE[20416]:[/COLOR][CR]$INFO[VideoPlayer.Premiered]</label>
						<width>1580</width>
						<include>ShowCaseInfoPanelButtonsValues</include>
						<visible>!String.IsEmpty(VideoPlayer.Premiered)</visible>
					</control>
				</control>
			</control>
			<control type="image">
				<left>1100</left>
				<width>2</width>
				<height>420</height>
				<texture border="1">separator3.png</texture>
			</control>
			<control type="image">
				<left>340</left>
				<top>360</top>
				<width>1580</width>
				<height>60</height>
				<texture border="1">separator2.png</texture>
			</control>
			<control type="grouplist">
				<left>338</left>
				<top>420</top>
				<right>0</right>
				<height>90</height>
				<itemgap>PlayerInfoItemGap</itemgap>
				<orientation>horizontal</orientation>
				<control type="image">
					<colordiffuse>$VAR[StudioFlagColorVar]</colordiffuse>
					<width>260</width>
					<include>MediaFlagVars</include>
					<bordersize>2</bordersize>
					<texture fallback="flags/studios/default-studio.png">$VAR[Studio]</texture>
				</control>
				<control type="image">
					<width>260</width>
					<colordiffuse>grey2</colordiffuse>
					<include>MediaFlagVars</include>
					<texture fallback="flags/mpaa/NR.png">$INFO[ListItem.MPAA,flags/mpaa/,.png]</texture>
				</control>
				<control type="image">
					<width>260</width>
					<colordiffuse>grey2</colordiffuse>
					<include>MediaFlagVars</include>
					<texture>$INFO[VideoPlayer.VideoResolution,flags/resolution/,.png]</texture>
				</control>
				<control type="image">
					<width>260</width>
					<colordiffuse>grey2</colordiffuse>
					<include>MediaFlagVars</include>
					<texture>$INFO[VideoPlayer.AudioCodec,flags/audio/,.png]</texture>
				</control>
				<control type="image">
					<width>260</width>
					<colordiffuse>grey2</colordiffuse>
					<include>MediaFlagVars</include>
					<texture>$INFO[VideoPlayer.VideoCodec,flags/video/,.png]</texture>
				</control>
				<control type="image">
					<width>260</width>
					<colordiffuse>grey2</colordiffuse>
					<include>MediaFlagVars</include>
					<texture>$INFO[VideoPlayer.VideoAspect,flags/aspectratio/,.png]</texture>
				</control>
			</control>
		<control type="textbox" id="170">
			<label>$INFO[VideoPlayer.CastAndRole]</label>
			<left>1115</left>
			<top>12</top>
			<width>PlayerInfoTextboxWidth</width>
			<height>348</height>
			<font>font35tb</font>
			<pagecontrol>62</pagecontrol>
			<include>ShowCaseInfoPanelButtonsValues</include>
			<visible>Control.HasFocus(66)</visible>
			<autoscroll time="3000" delay="4000" repeat="5000">!Control.HasFocus(64)</autoscroll>
		</control>
		<control type="textbox" id="171">
			<label>$INFO[VideoPlayer.Tagline,[COLOR themecolor],[/COLOR] - ]$INFO[VideoPlayer.Plot]</label>
			<left>1115</left>
			<top>12</top>
			<width>PlayerInfoTextboxWidth</width>
			<height>348</height>
			<font>font35tb</font>
			<pagecontrol>63</pagecontrol>
			<include>ShowCaseInfoPanelButtonsValues</include>
			<visible>!Control.HasFocus(66)</visible>
			<autoscroll time="3000" delay="4000" repeat="5000">!Control.HasFocus(64)</autoscroll>
		</control>
		<control type="scrollbar" id="62">
			<right>0</right>
			<top>0</top>
			<width>14</width>
			<height>360</height>
			<texturesliderbackground />
			<texturesliderbar border="1">scrollbar/texturesliderbar2.png</texturesliderbar>
			<texturesliderbarfocus border="1">scrollbar/texturesliderbar2.png</texturesliderbarfocus>
			<showonepage>false</showonepage>
			<visible>Control.HasFocus(66)</visible>
			<orientation>vertical</orientation>
		</control>
		<control type="scrollbar" id="63">
			<right>0</right>
			<top>0</top>
			<width>14</width>
			<height>360</height>
			<texturesliderbackground />
			<texturesliderbar border="1">scrollbar/texturesliderbar2.png</texturesliderbar>
			<texturesliderbarfocus border="1">scrollbar/texturesliderbar2.png</texturesliderbarfocus>
			<showonepage>false</showonepage>
			<orientation>vertical</orientation>
			<visible>Control.HasFocus(65)</visible>
		</control>
		<control type="grouplist" id="5000">
			<left>1102</left>
			<top>360</top>
			<width>805</width>
			<height>60</height>
			<orientation>horizontal</orientation>
			<control type="button" id="65">
				<width>402</width>
				<label>$LOCALIZE[207]</label>
				<onup>PageUp(63)</onup>
				<ondown>PageDown(63)</ondown>
				<onclick>noop</onclick>
			</control>
			<control type="button" id="66">
				<width>402</width>
				<label>$LOCALIZE[206]</label>
				<onup>PageUp(62)</onup>
				<ondown>PageDown(62)</ondown>
				<onclick>noop</onclick>
			</control>
		</control>
		</control>
		<!-- LiveTV Plot -->
		<control type="group" id="9006">
			<top>10</top>
			<visible>VideoPlayer.Content(LiveTV) + !Window.IsActive(notification) + !Control.IsVisible(9001) + !Control.IsVisible(9002) + !Skin.HasSetting(TogglePlotLiveTV)</visible>			
			<!-- Small PlotInfo BG -->
			<control type="image">
				<left>17</left>
				<width>1885</width>
				<height>300</height>
				<texture border="40">65.png</texture>
				<animation effect="fade" end="90" condition="true">Conditional</animation>
				<visible>!String.IsEmpty(VideoPlayer.PlotOutline) + !String.IsEqual(VideoPlayer.PlotOutline,N/A) + !Skin.HasSetting(Enable.LiveTVFullPlot)</visible>
			</control>
			<!-- Big PlotInfo BG -->
			<control type="image">
				<left>17</left>
				<width>1885</width>
				<height>720</height>
				<texture border="40">65.png</texture>
				<animation effect="fade" end="90" condition="true">Conditional</animation>
				<visible>String.IsEmpty(VideoPlayer.PlotOutline) | String.IsEqual(VideoPlayer.PlotOutline,N/A) | Skin.HasSetting(Enable.LiveTVFullPlot)</visible>
			</control>
			<!-- NEXT playing on channel -->
			<control type="grouplist">
				<top>50</top>
				<left>57</left>
				<height>650</height>
				<width>1805</width>
				<itemgap>10</itemgap>
				<usecontrolcoords>true</usecontrolcoords>
				<orientation>vertical</orientation>
				<control type="label">
					<height>30</height>
					<label>$INFO[VideoPlayer.ChannelName]</label>
					<font>font50</font>
					<textcolor>themecolor</textcolor>
				</control>
				<control type="grouplist">
					<width>1805</width>
					<height>50</height>
					<itemgap>50</itemgap>
					<orientation>horizontal</orientation>
					<control type="label">
						<width>auto</width>
						<height>50</height>
						<label>[B][COLOR themecolor]$LOCALIZE[19031]:[/COLOR] $INFO[VideoPlayer.NextTitle][/B]</label>
						<font>font50</font>
						<scroll>true</scroll>
					</control>
					<control type="label">
						<width>auto</width>
						<height>60</height>
						<label>[COLOR themecolor]$LOCALIZE[180]:[/COLOR] $INFO[VideoPlayer.NextDuration]</label>
						<font>font35</font>
						<scroll>true</scroll>
					</control>
				</control>
				<control type="label">
					<width>auto</width>
					<height>35</height>
					<label>[B]($INFO[VideoPlayer.NextPlotOutline])[/B]</label>
					<font>font35</font>
					<scroll>true</scroll>
					<visible>Skin.HasSetting(Enable.LiveTVFullPlot) + !String.IsEmpty(VideoPlayer.NextPlotOutline) + !String.IsEqual(VideoPlayer.PlotOutline,N/A)</visible>
				</control>
				<control type="image">
					<width>1809</width>
					<height>2</height>
					<texture>new_pvr/osd_line_white.png</texture>
					<colordiffuse>themecolor</colordiffuse>
				</control>
				<control type="label">
					<width>1000</width>
					<height>30</height>
					<label>$INFO[VideoPlayer.NextGenre,$LOCALIZE[515]: ]</label>
					<font>font30</font>
					<textcolor>grey</textcolor>
				</control>
				<control type="textbox">
					<width>1805</width>
					<height>174</height>
					<label>$INFO[VideoPlayer.NextPlotOutline]</label>
					<font>font35tb</font>
					<autoscroll delay="6000" time="3000" repeat="6000">true</autoscroll>
					<visible>!String.IsEmpty(VideoPlayer.NextPlotOutline) + !String.IsEqual(VideoPlayer.NextPlotOutline,N/A) + !Skin.HasSetting(Enable.LiveTVFullPlot)</visible>
				</control>
				<control type="textbox">
					<width>1805</width>
					<label>$INFO[VideoPlayer.NextPlot]</label>
					<height>774</height>
					<font>font35tb</font>
					<autoscroll delay="6000" time="3000" repeat="6000">true</autoscroll>
					<visible>Skin.HasSetting(Enable.LiveTVFullPlot)</visible>
				</control>
				<!-- NextPlot only one line -->
				<control type="textbox">
					<width>1805</width>
					<height>50</height>
					<label>$INFO[VideoPlayer.NextPlot]</label>
					<font>font35tb</font>
					<autoscroll delay="6000" time="3000" repeat="6000">true</autoscroll>
					<visible>[IsEmpty(VideoPlayer.NextPlotOutline) | String.IsEqual(VideoPlayer.NextPlotOutline,N/A)] + !Skin.HasSetting(Enable.LiveTVFullPlot)</visible>
				</control>
			</control>
		</control>
	</controls>
</window>
