<?xml version="1.0" encoding="UTF-8"?>
<window>
	<defaultcontrol always="true">9</defaultcontrol>
	<controls>
		<control type="group">
		<left>100</left>
		<top>250</top>
		<height>760</height>
		<right>120</right>
		<include>slideright</include>
			<control type="image">
				<width>100%</width>
				<height>100%</height>
				<texture border="40">80.png</texture>
			</control>
			<control type="label" id="20">
				<description>header label</description>
				<left>30</left>
				<top>30</top>
				<width>1614</width>
				<height>40</height>
				<textoffsetx>15</textoffsetx>
				<align>center</align>
			</control>
			<!-- left group -->
			<control type="group">
				<left>25</left>
				<top>90</top>
				<control type="grouplist" id="9">
					<description>button area</description>
					<width>310</width>
					<height>640</height>
					<onleft>9001</onleft>
					<onright>2</onright>
					<onup>9</onup>
					<ondown>9</ondown>
					<scrolltime>0</scrolltime>
				</control>
			</control>
			<!-- middle group -->
			<control type="group">
				<left>355</left>
				<top>90</top>
				<control type="grouplist" id="2">
					<description>control area</description>
					<width>960</width>
					<height>640</height>
					<pagecontrol>30</pagecontrol>
					<onleft>9</onleft>
					<onright>9001</onright>
					<onup>2</onup>
					<ondown>2</ondown>
					<scrolltime tween="cubic" easing="out">500</scrolltime>
				</control>
			</control>
			<!-- right group -->
			<control type="group">
				<left>1345</left>
				<top>90</top>
				<control type="grouplist" id="9001">
					<width>310</width>
					<height>640</height>
					<onleft>2</onleft>
					<onright>9</onright>
					<onup>9001</onup>
					<ondown>9001</ondown>
					<control type="image" id="2000">
						<width>310</width>
						<height>300</height>
						<aspectratio>scale</aspectratio>
						<texture background="true">$INFO[System.AddonIcon(Window.Property(Addon.ID))]</texture>
					</control>
					<control type="button" id="10">
						<description>OK Button</description>
						<height>100</height>
						<width>310</width>
						<label>186</label>
						<font>font30</font>
					</control>
					<control type="button" id="11">
						<description>Cancel Button</description>
						<height>100</height>
						<width>310</width>
						<label>222</label>
						<font>font30</font>
					</control>
					<control type="button" id="12">
						<description>Defaults Button</description>
						<height>100</height>
						<width>310</width>
						<label>409</label>
						<font>font30</font>
					</control>
				</control>
			</control>
			<control type="button" id="13">
				<description>Default Category Button</description>
				<height>80</height>
				<width>310</width>
				<align>right</align>
				<font>font30</font>
				<textoffsetx>20</textoffsetx>
				<textcolor>grey2</textcolor>
			</control>
			<control type="button" id="3">
				<description>Default Button</description>
				<width>960</width>
				<font>font30</font>
				<height>80</height>
			</control>
			<control type="radiobutton" id="4">
				<description>Default RadioButton</description>
				<width>960</width>
				<font>font30</font>
				<height>80</height>
				<textwidth>880</textwidth>
			</control>
			<control type="spincontrolex" id="5">
				<description>Default spincontrolex</description>
				<width>960</width>
				<font>font30</font>
				<height>80</height>
				<reverse>true</reverse>
			</control>
			<control type="label" id="7">
				<width>960</width>
				<height>80</height>
				<font>font35</font>
				<label />
				<textcolor>themecolor</textcolor>
				<textoffsetx>15</textoffsetx>
			</control>
			<control type="image" id="6">
				<description>Default Seperator</description>
				<width>960</width>
				<height>1</height>
				<visible>false</visible>
			</control>
			<control type="sliderex" id="8">
				<description>Default Slider</description>
				<width>960</width>
				<height>80</height>
				<font>font30</font>
			</control>
		</control>
	</controls>
</window>