<?xml version="1.0" encoding="UTF-8"?>
<window>
	<defaultcontrol>20</defaultcontrol>
	<allowoverlay>no</allowoverlay>
	<controls>
		<include>CommonBackground</include>
		<control type="group">
			<top>240</top>
			<left>50</left>
			<width>800</width>
			<height>800</height>
			<include>SettingsBG</include>
			<control type="label" id="101">
				<description>current directory text label</description>
				<top>20</top>
				<width>800</width>
				<height>90</height>
				<font>font50</font>
				<scroll>true</scroll>
				<textoffsetx>30</textoffsetx>
				<textcolor>white</textcolor>
			</control>
			<control type="list" id="20">
				<left>10</left>
				<top>100</top>
				<width>780</width>
				<height>678</height>
				<onright>10</onright>
				<onup>20</onup>
				<ondown>20</ondown>
				<pagecontrol>30</pagecontrol>
				<scrolltime tween="quadratic" easing="out">200</scrolltime>
				<itemlayout height="113" width="780">
					<control type="image">
						<width>780</width>
						<height>113</height>
						<texture border="25">divider.png</texture>
					</control>
					<control type="label">
						<width>630</width>
						<height>113</height>
						<textoffsetx>15</textoffsetx>
						<label>Back</label>
						<visible>ListItem.IsParentFolder</visible>
					</control>
					<control type="label">
						<width>630</width>
						<height>113</height>
						<textoffsetx>15</textoffsetx>
						<label>$INFO[ListItem.Label]</label>
						<visible>!ListItem.IsParentFolder</visible>
					</control>
					<control type="label">
						<right>15</right>
						<height>113</height>
						<font>font30B</font>
						<align>right</align>
						<label>$INFO[ListItem.Label2]</label>
					</control>
				</itemlayout>
				<focusedlayout height="113" width="780">
					<control type="image">
						<width>780</width>
						<height>113</height>
						<texture border="5" colordiffuse="selected">buttonfo4.png</texture>
						<include>FOScroll</include>
					</control>
					<control type="label">
						<width>630</width>
						<height>113</height>
						<textoffsetx>15</textoffsetx>
						<label>Back</label>
						<visible>ListItem.IsParentFolder</visible>
					</control>
					<control type="label">
						<width>630</width>
						<height>113</height>
						<textoffsetx>15</textoffsetx>
						<label>$INFO[ListItem.Label]</label>
						<visible>!ListItem.IsParentFolder</visible>
					</control>
					<control type="label">
						<right>15</right>
						<height>113</height>
						<font>font30B</font>
						<align>right</align>
						<label>$INFO[ListItem.Label2]</label>
					</control>
				</focusedlayout>
			</control>
		</control>
		<include>Topbar</include>
	</controls>
</window>