<?xml version="1.0" encoding="UTF-8"?>
<window>
	<defaultcontrol always="true">95</defaultcontrol>
	<allowoverlay>no</allowoverlay>
	<controls>
		<include content="CommonBackground">
			<param name="windowOpen" value="!Window.Previous(settings)" />
			<param name="windowClose" value="!Window.Next(settings)" />
		</include>
		<control type="group">
			<top>128</top>
			<left>SettingsLeft</left>
			<include>SystemLeftPanel</include>
			<control type="grouplist" id="9000">
				<left>82</left>
				<top>32</top>
				<width>356</width>
				<height>840</height>
				<onup>9000</onup>
				<ondown>9000</ondown>
				<onleft>9001</onleft>
				<onright>9001</onright>
				<control type="button" id="95">
					<description>Button Summary Values</description>
					<height>90</height>
					<width>356</width>
					<textoffsetx>15</textoffsetx>
					<align>right</align>
					<font>font35</font>
					<texturefocus border="3">button.png</texturefocus>
					<texturenofocus border="1">separator5.png</texturenofocus>
					<label>20037</label>
				</control>
				<control type="button" id="94">
					<description>Button Storage</description>
					<height>90</height>
					<width>356</width>
					<textoffsetx>15</textoffsetx>
					<align>right</align>
					<font>font35</font>
					<texturefocus border="3">button.png</texturefocus>
					<texturenofocus border="1">separator5.png</texturenofocus>
					<label>13277</label>
				</control>
				<control type="button" id="96">
					<description>Button Network</description>
					<height>90</height>
					<width>356</width>
					<textoffsetx>15</textoffsetx>
					<align>right</align>
					<font>font35</font>
					<texturefocus border="3">button.png</texturefocus>
					<texturenofocus border="1">separator5.png</texturenofocus>
					<label>13279</label>
				</control>
				<control type="button" id="97">
					<description>Button Video</description>
					<height>90</height>
					<width>356</width>
					<textoffsetx>15</textoffsetx>
					<align>right</align>
					<font>font35</font>
					<texturefocus border="3">button.png</texturefocus>
					<texturenofocus border="1">separator5.png</texturenofocus>
					<label>13280</label>
				</control>
				<control type="button" id="98">
					<description>Button Hardware</description>
					<height>90</height>
					<width>356</width>
					<textoffsetx>15</textoffsetx>
					<align>right</align>
					<font>font35</font>
					<texturefocus border="3">button.png</texturefocus>
					<texturenofocus border="1">separator5.png</texturenofocus>
					<label>13281</label>
				</control>
				<control type="button" id="99">
					<description>Button PVR</description>
					<height>90</height>
					<width>356</width>
					<textoffsetx>15</textoffsetx>
					<align>right</align>
					<font>font35</font>
					<texturefocus border="3">button.png</texturefocus>
					<texturenofocus border="1">separator5.png</texturenofocus>
					<label>19191</label>
				</control>
				<control type="button" id="100">
					<description>Button Kodi</description>
					<height>90</height>
					<width>356</width>
					<textoffsetx>15</textoffsetx>
					<align>right</align>
					<font>font35</font>
					<texturefocus border="3">button.png</texturefocus>
					<texturenofocus border="1">separator5.png</texturenofocus>
					<label>12389</label>
				</control>
			</control>
			<control type="image">
				<description>separator image</description>
				<left>82</left>
				<top>692</top>
				<width>356</width>
				<height>60</height>
				<texture border="1">separator2.png</texture>
				<visible>!Container(9000).HasNext</visible>
			</control>
			<control type="image">
				<description>LOGO</description>
				<left>82</left>
				<top>752</top>
				<width>356</width>
				<height>120</height>
				<aspectratio>keep</aspectratio>
				<texture>scorp_logo.png</texture>
			</control>
			<include>SystemRightPanel</include>
			<control type="image">
				<description>separator image</description>
				<left>522</left>
				<top>692</top>
				<width>1316</width>
				<height>60</height>
				<texture border="1">separator2.png</texture>
			</control>
			<control type="group">
				<left>552</left>
				<top>754</top>
				<control type="label" id="52">
					<description>XBMC BUILD Version</description>
					<left>-15</left>
					<width>658</width>
					<height>115</height>
					<label>144</label>
					<textcolor>themecolor</textcolor>
					<wrapmultiline>true</wrapmultiline>
					<font>font35</font>
				</control>
				<control type="label">
					<description>CPU Text</description>
					<left>630</left>
					<top>20</top>
					<width>240</width>
					<height>24</height>
					<label>$LOCALIZE[13271]</label>
					<align>right</align>
					<textcolor>grey2</textcolor>
					<font>font25</font>
				</control>
				<control type="progress">
					<description>CPU BAR</description>
					<left>880</left>
					<top>20</top>
					<width>380</width>
					<height>24</height>
					<info>System.CPUUsage</info>
					<texturebg border="2">osd/texturebg2.png</texturebg>
				</control>
				<control type="label">
					<description>Memory Text</description>
					<left>510</left>
					<top>70</top>
					<width>360</width>
					<height>24</height>
					<label>$LOCALIZE[31309]</label>
					<align>right</align>
					<textcolor>grey2</textcolor>
					<font>font25</font>
				</control>
				<control type="progress">
					<description>Memory BAR</description>
					<left>880</left>
					<top>70</top>
					<width>380</width>
					<height>24</height>
					<texturebg border="2">osd/texturebg2.png</texturebg>
					<info>system.memory(used)</info>
				</control>
			</control>
			<control type="grouplist" id="9001">
				<left>522</left>
				<top>32</top>
				<width>1316</width>
				<height>720</height>
				<onleft>9000</onleft>
				<onright>60</onright>
				<orientation>vertical</orientation>
				<pagecontrol>60</pagecontrol>
				<visible>!Control.IsVisible(30)</visible>
				<control type="button" id="2">
					<description>Label 1</description>
					<width>1316</width>
					<height>90</height>
					<label />
					<font>font35</font>
					<shadowcolor>shadow</shadowcolor>
					<texturenofocus border="1">separator5.png</texturenofocus>
					<visible>!String.IsEmpty(Control.GetLabel(2))</visible>
				</control>
				<control type="button" id="3">
					<description>Label 2</description>
					<width>1316</width>
					<height>90</height>
					<label />
					<font>font35</font>
					<shadowcolor>shadow</shadowcolor>
					<texturenofocus border="1">separator5.png</texturenofocus>
					<visible>!String.IsEmpty(Control.GetLabel(3))</visible>
				</control>
				<control type="button" id="4">
					<description>Label 3</description>
					<width>1316</width>
					<height>90</height>
					<label />
					<font>font35</font>
					<shadowcolor>shadow</shadowcolor>
					<texturenofocus border="1">separator5.png</texturenofocus>
					<visible>!String.IsEmpty(Control.GetLabel(4))</visible>
				</control>
				<control type="button" id="5">
					<description>Label 4</description>
					<width>1316</width>
					<height>90</height>
					<label />
					<font>font35</font>
					<shadowcolor>shadow</shadowcolor>
					<texturenofocus border="1">separator5.png</texturenofocus>
					<visible>!String.IsEmpty(Control.GetLabel(5))</visible>
				</control>
				<control type="button" id="6">
					<description>Label 5</description>
					<width>1316</width>
					<height>90</height>
					<label />
					<font>font35</font>
					<shadowcolor>shadow</shadowcolor>
					<texturenofocus border="1">separator5.png</texturenofocus>
					<visible>!String.IsEmpty(Control.GetLabel(6))</visible>
				</control>
				<control type="button" id="7">
					<description>Label 6</description>
					<width>1316</width>
					<height>90</height>
					<label />
					<font>font35</font>
					<shadowcolor>shadow</shadowcolor>
					<texturenofocus border="1">separator5.png</texturenofocus>
					<visible>!String.IsEmpty(Control.GetLabel(7))</visible>
				</control>
				<control type="button" id="8">
					<description>Label 7</description>
					<width>1316</width>
					<height>90</height>
					<label />
					<font>font35</font>
					<shadowcolor>shadow</shadowcolor>
					<texturenofocus border="1">separator5.png</texturenofocus>
					<visible>!String.IsEmpty(Control.GetLabel(8))</visible>
				</control>
				<control type="button" id="9">
					<description>Label 8</description>
					<width>1316</width>
					<height>90</height>
					<label />
					<font>font35</font>
					<shadowcolor>shadow</shadowcolor>
					<texturenofocus border="1">separator5.png</texturenofocus>
					<visible>!String.IsEmpty(Control.GetLabel(9))</visible>
				</control>
				<control type="button" id="10">
					<description>Label 9</description>
					<width>1316</width>
					<height>90</height>
					<label />
					<font>font35</font>
					<shadowcolor>shadow</shadowcolor>
					<texturenofocus border="1">separator5.png</texturenofocus>
					<visible>!String.IsEmpty(Control.GetLabel(10))</visible>
				</control>
				<control type="button" id="11">
					<description>Label 10</description>
					<width>1316</width>
					<height>90</height>
					<label />
					<font>font35</font>
					<shadowcolor>shadow</shadowcolor>
					<texturenofocus border="1">separator5.png</texturenofocus>
					<visible>!String.IsEmpty(Control.GetLabel(11))</visible>
				</control>
				<control type="button" id="12">
					<description>Label 11</description>
					<width>1316</width>
					<height>90</height>
					<label />
					<font>font35</font>
					<shadowcolor>shadow</shadowcolor>
					<texturenofocus border="1">separator5.png</texturenofocus>
					<visible>!String.IsEmpty(Control.GetLabel(12))</visible>
				</control>
			</control>
			<control type="textbox" id="30">
				<description>Label 12</description>
				<left>537</left>
				<top>32</top>
				<width>1286</width>
				<height max="720">auto</height>
				<label />
				<font>font35tb</font>
				<textcolor>grey2</textcolor>
				<shadowcolor>shadow</shadowcolor>
				<pagecontrol>60</pagecontrol>
				<visible>!String.IsEmpty(Control.GetLabel(30))</visible>
			</control>
			<control type="scrollbar" id="60">
				<left>1838</left>
				<top>32</top>
				<width>14</width>
				<height>720</height>
				<onleft>9001</onleft>
				<onright>9000</onright>
				<ondown>60</ondown>
				<onup>60</onup>
				<showonepage>false</showonepage>
				<texturesliderbackground />
				<texturesliderbar colordiffuse="55ffffff" border="1">scrollbar/texturesliderbar2.png</texturesliderbar>
				<texturesliderbarfocus border="1">scrollbar/texturesliderbar2.png</texturesliderbarfocus>
			</control>
		</control>
		<include>Topbar</include>
	</controls>
</window>