<?xml version="1.0" encoding="UTF-8" standalone="yes"?>
<addon id="repository.scorpion" name="Scorpion" version="0.1" provider-name="Pick">
    <extension point="xbmc.addon.repository" name="Scorpion">
        <info compressed="false">https://raw.githubusercontent.com/jstuart138/Scorpion/master/addons.xml</info>
        <checksum>https://raw.githubusercontent.com/jstuart138/Scorpion/master/addons.xml.md5</checksum>
        <datadir zip="true">https://raw.githubusercontent.com/jstuart138/Scorpion/master/</datadir>
    </extension>
    <extension point="xbmc.addon.metadata">
        <summary>Van candy</summary>
        <description>The F$*k ? </description>
        <platform>all</platform>
    </extension>
</addon>
