<?xml version="1.0" encoding="UTF-8"?>
<window>
	<defaultcontrol always="true">50</defaultcontrol>
	<views>50</views>
	<menucontrol>9051</menucontrol>
	<onload>SetProperty(Window.HasSettings,True,home)</onload>
	<onunload>ClearProperty(Window.HasSettings,Home)</onunload>
	<controls>
		<include>CommonBackground</include>
		<include>AddonList</include>
		<control type="group">
			<left>1340</left>
			<top>535</top>
			<include>WindowOpenCloseAnimation</include>
			<control type="image">
				<left>30</left>
				<top>35</top>
				<width>450</width>
				<height>450</height>
				<aspectratio aligny="top">keep</aspectratio>
				<texture background="true" border="1">thumb-back.png</texture>
			</control>
			<control type="image">
				<left>30</left>
				<top>35</top>
				<width>450</width>
				<height>450</height>
				<aspectratio aligny="top">keep</aspectratio>
				<texture background="true" border="1">$INFO[ListItem.Icon]</texture>
			</control>
		</control>
		<include>Topbar</include>
	</controls>
</window>