<?xml version="1.0" encoding="UTF-8"?>
<window id="1140" type="dialog">
	<defaultcontrol always="true">550</defaultcontrol>
	<controls>
		<include>DialogOpenCloseAnimation</include>
		<control type="image">
			<description>background image</description>
			<left>750</left>
			<top>490</top>
			<width>430</width>
			<height>200</height>
			<texture border="30">65.png</texture>
		</control>
		<control type="grouplist" id="550">
			<centerleft>50%</centerleft>
			<top>500</top>
			<width>410</width>
			<height>100%</height>
			<onleft>9000</onleft>
			<onright>9000</onright>
			<onup>9000</onup>
			<ondown>9000</ondown>
			<top>200</top>
			<control type="button" id="551">
				<description>addons</description>
				<font>font30</font>
				<width>410</width>
				<height>60</height>
				<align>center</align>
				<textwidth>435</textwidth>
				<textoffsetx>45</textoffsetx>
				<onclick>Dialog.Close(1140)</onclick>
				<onclick>ActivateWindow(1130)</onclick>
				<visible>yes</visible>
				<label>ADDONS</label>
				<animation effect="zoom" start="100" end="90" center="200,20" time="100">Focus</animation>
				<animation effect="zoom" start="90" end="100" center="200,20" time="200">UnFocus</animation>
			</control>
			<control type="button" id="552">
				<description>settings</description>
				<font>font30</font>
				<width>410</width>
				<height>60</height>
				<align>center</align>
				<textwidth>435</textwidth>
				<textoffsetx>45</textoffsetx>
				<onclick>Dialog.Close(1140)</onclick>
				<onclick>ActivateWindow(settings)</onclick>
				<label>SETTINGS</label>
				<visible>yes</visible>
				<animation effect="zoom" start="100" end="90" center="200,20" time="100">Focus</animation>
				<animation effect="zoom" start="90" end="100" center="200,20" time="200">UnFocus</animation>
			</control>
			<control type="button" id="553">
				<description>filemanager</description>
				<font>font30</font>
				<width>410</width>
				<height>60</height>
				<align>center</align>
				<textwidth>435</textwidth>
				<textoffsetx>45</textoffsetx>
				<onclick>Dialog.Close(1140)</onclick>
				<onclick>ActivateWindow(Filemanager)</onclick>
				<label>FILEMANAGER</label>
				<visible>yes</visible>
				<animation effect="zoom" start="100" end="90" center="200,20" time="100">Focus</animation>
				<animation effect="zoom" start="90" end="100" center="200,20" time="200">UnFocus</animation>
			</control>
		</control>
	</controls>
</window>