<?xml version="1.0" encoding="UTF-8"?>
<window id="1120" type="dialog">
	<defaultcontrol always="true">62</defaultcontrol>
	<onunload>ClearProperty(TextViewerHeader,Home)</onunload>
	<onunload>ClearProperty(TextViewerContent,Home)</onunload>
	<controls>
		<control type="button" id="62">
			<onclick>Dialog.Close(1120)</onclick>
			<onup>PageUp(61)</onup>
			<ondown>PageDown(61)</ondown>
			<include>HiddenObject</include>
		</control>
		<control type="group">
			<include>DialogOpenCloseAnimation</include>
			<width>1380</width>
			<height>904</height>
			<centerleft>50%</centerleft>
			<centertop>50%</centertop>
			<control type="image">
				<width>1380</width>
				<height>904</height>
				<texture border="40">65.png</texture>
			</control>
			<control type="label">
				<description>header label</description>
				<left>62</left>
				<top>32</top>
				<width>1256</width>
				<height>40</height>
				<font>font15_title</font>
				<align>center</align>
				<textcolor>dialogheader</textcolor>
				<label>$INFO[Window(Home).Property(TextViewerHeader)]</label>
			</control>
			<control type="textbox">
				<description>textarea</description>
				<left>62</left>
				<top>72</top>
				<width>1256</width>
				<height>800</height>
				<font>font15_textbox</font>
				<textcolor>grey2</textcolor>
				<pagecontrol>61</pagecontrol>
				<label>$INFO[Window(Home).Property(TextViewerContent)]</label>
			</control>
			<control type="scrollbar" id="61">
				<left>1348</left>
				<top>32</top>
				<width>14</width>
				<height>840</height>
				<ondown>61</ondown>
				<onup>61</onup>
				<showonepage>false</showonepage>
				<texturesliderbackground />
				<texturesliderbar border="1">scrollbar/texturesliderbar2.png</texturesliderbar>
				<texturesliderbarfocus border="1">scrollbar/texturesliderbar2.png</texturesliderbarfocus>
				<orientation>vertical</orientation>
			</control>
		</control>
	</controls>
</window>