<?xml version="1.0" encoding="UTF-8"?>
<window>
	<defaultcontrol always="true">3</defaultcontrol>
	<coordinates>
		<system>1</system>
		<left>122</left>
		<top>200</top>
	</coordinates>
	<include>DialogAnimation</include>
	<controls>
		<control type="image">
			<description>background image</description>
			<width>1674</width>
			<height>760</height>
			<texture border="40">65.png</texture>
		</control>
		<control type="label" id="2">
			<description>header label</description>
			<left>50</left>
			<top>20</top>
			<width>1614</width>
			<height>40</height>
			<textoffsetx>15</textoffsetx>
			<align>center</align>
			<textcolor>white2</textcolor>
			<font>font30</font>
		</control>
		<!-- left group -->
		<control type="group">
			<left>30</left>
			<top>75</top>
			<control type="grouplist" id="3">
				<description>button area</description>
				<width>310</width>
				<height>675</height>
				<onleft>9001</onleft>
				<onright>2</onright>
				<onup>9</onup>
				<ondown>9</ondown>
				<scrolltime>0</scrolltime>
				<itemgap>0</itemgap>
			</control>
		</control>
		<!-- middle group -->
		<control type="group">
			<left>357</left>
			<top>75</top>
			<control type="grouplist" id="5">
				<description>control area</description>
				<width>960</width>
				<height>675</height>
				<pagecontrol>30</pagecontrol>
				<onleft>3</onleft>
				<onright>9001</onright>
				<onup>5</onup>
				<ondown>5</ondown>
				<scrolltime tween="cubic" easing="out">500</scrolltime>
				<itemgap>0</itemgap>
			</control>
		</control>
		<!-- right group -->
		<control type="group">
			<left>1333</left>
			<top>75</top>
			<control type="grouplist" id="9001">
				<left>10</left>
				<top>10</top>
				<width>310</width>
				<height>640</height>
				<onleft>5</onleft>
				<onright>3</onright>
				<onup>9001</onup>
				<ondown>9001</ondown>
				<itemgap>0</itemgap>
				<control type="image" id="2000">
					<left>10</left>
					<width>310</width>
					<height>310</height>
					<texture background="true">$INFO[System.AddonIcon(Window.Property(Addon.ID))]</texture>
				</control>
				<control type="button" id="28">
					<description>OK Button</description>
					<width>310</width>
					<height>80</height>
					<label>186</label>
				</control>
				<control type="button" id="29">
					<description>Cancel Button</description>
					<width>310</width>
					<height>80</height>
					<label>222</label>
				</control>
				<control type="button" id="30">
					<description>Defaults Button</description>
					<width>310</width>
					<height>80</height>
					<label>409</label>
				</control>
			</control>
		</control>
		<control type="button" id="10">
			<description>Default Category Button</description>
			<height>80</height>
			<width>310</width>
			<align>center</align>
		</control>
		<control type="button" id="7">
			<description>Default Button</description>
			<width>960</width>
			<height>80</height>
		</control>
		<control type="radiobutton" id="8">
			<description>Default RadioButton</description>
			<width>960</width>
			<height>80</height>
			<textwidth>880</textwidth>
		</control>
		<control type="spincontrolex" id="9">
			<description>Default spincontrolex</description>
			<width>960</width>
			<height>80</height>
			<reverse>true</reverse>
		</control>
		<control type="label" id="14">
			<width>960</width>
			<height>80</height>
			<label />
			<font>font25</font>
			<textoffsetx>15</textoffsetx>
		</control>
		<control type="edit" id="12">
			<width>960</width>
			<height>80</height>
			<label />
			<textoffsetx>15</textoffsetx>
		</control>
		<control type="image" id="11">
			<description>Default Seperator</description>
			<width>960</width>
			<height>1</height>
			<visible>false</visible>
		</control>
		<control type="sliderex" id="13">
			<description>Default Slider</description>
			<width>960</width>
			<height>80</height>
		</control>
	</controls>
</window>