<?xml version="1.0" encoding="UTF-8"?>
<window>
	<defaultcontrol>9000</defaultcontrol>
	<onload condition="Control.IsVisible(10)">SetFocus(10)</onload>
	<coordinates>
		<system>1</system>
		<left>502</left>
		<top>293</top>
		<origin x="822" y="293">String.IsEqual(Skin.AspectRatio,21:9)</origin>
	</coordinates>
	<include>DialogAnimation</include>
	<controls>
		<control type="label" id="1">
			<description>fake heading label</description>
			<width>0</width>
			<height>0</height>
			<font />
			<visible>false</visible>
		</control>
		<control type="image">
			<width>916</width>
			<height>494</height>
			<texture border="40">85.png</texture>
		</control>
		<control type="image">
			<left>30</left>
			<top>86</top>
			<width>856</width>
			<height>302</height>
			<texture border="5">65.png</texture>
		</control>
		<control type="image">
			<left>30</left>
			<top>32</top>
			<width>856</width>
			<height>40</height>
			<texture border="5">65.png</texture>
		</control>
		<control type="progress">
			<description>Progressbar</description>
			<left>30</left>
			<top>33</top>
			<width>856</width>
			<height>38</height>
			<info>System.Progressbar</info>
			<colordiffuse>44FFFFFF</colordiffuse>
			<visible>Window.IsActive(progressdialog)</visible>
		</control>
		<control type="label">
			<description>header label</description>
			<left>30</left>
			<top>32</top>
			<width>856</width>
			<height>40</height>
			<textoffsetx>15</textoffsetx>
			<font>font30</font>
			<label>$INFO[Control.GetLabel(1)] $INFO[System.Progressbar,- ,%]</label>
			<align>center</align>
			<textcolor>white2</textcolor>
		</control>
		<control type="textbox" id="9">
			<description>dialog line 1/2/3</description>
			<left>45</left>
			<top>98</top>
			<width>825</width>
			<height>282</height>
			<font>font15</font>
			<label />
			<textcolor>grey3</textcolor>
			<autoscroll time="3000" delay="4000" repeat="5000">true</autoscroll>
		</control>
		<control type="grouplist" id="9000">
			<left>30</left>
			<top>380</top>
			<width>856</width>
			<height>80</height>
			<orientation>horizontal</orientation>
			<align>center</align>
			<itemgap>50</itemgap>
			<control type="button" id="11">
				<description>Yes button</description>
				<width>400</width>
				<label>107</label>
				<font>font30</font>
				<textcolor>grey2</textcolor>
				<align>center</align>
				<onleft>10</onleft>
				<onright>10</onright>
				<onup>11</onup>
				<ondown>11</ondown>
				<animation effect="zoom" start="100" end="90" center="200,20" time="100">Focus</animation>
				<animation effect="zoom" start="90" end="100" center="200,20" time="200">UnFocus</animation>
			</control>
			<control type="button" id="10">
				<description>No button</description>
				<width>400</width>
				<label>106</label>
				<font>font30</font>
				<textcolor>grey2</textcolor>
				<align>center</align>
				<onleft>11</onleft>
				<onright>11</onright>
				<onup>10</onup>
				<ondown>10</ondown>
				<animation effect="zoom" start="100" end="90" center="200,20" time="100">Focus</animation>
				<animation effect="zoom" start="90" end="100" center="200,20" time="200">UnFocus</animation>
			</control>
		</control>
	</controls>
</window>