<?xml version="1.0" encoding="UTF-8"?>
<window>
	<defaultcontrol>1</defaultcontrol>
	<coordinates>
		<system>0</system>
	</coordinates>
	<controls>
		<control type="group">
			<top>5</top>
			<right>420</right>
			<width>500</width>
			<visible>!Player.Muted</visible>
			<animation effect="slide" start="0,-60" end="0,0" time="200">WindowOpen</animation>
			<animation effect="slide" start="0,0" end="0,-60" time="200">WindowClose</animation>
			<animation effect="slide" start="0,-60" end="0,0" time="200">VisibleChange</animation>
			<control type="image">
				<width>500</width>
				<height>70</height>
				<texture border="40,0,40,35">dialogs/dialog_top.png</texture>
				<visible>[Window.IsActive(fullscreenvideo) | Window.IsActive(visualisation) | Window.isActive(slideshow) | Window.IsActive(home)]</visible>
			</control>
			<control type="label">
				<top>10</top>
				<left>25</left>
				<height>60</height>
				<width>60</width>
				<align>center</align>
				<aligny>top</aligny>
				<textoffsety>3</textoffsety>
				<font>IconSmall</font>
				<textcolor>grey</textcolor>
				<focusedcolor>white</focusedcolor>
				<texturenofocus />
				<shadowcolor>ff000000</shadowcolor>
				<label></label>
				<textoffsety>1</textoffsety>
				<visible>!Player.Passthrough</visible>
			</control>
			<control type="label">
				<top>10</top>
				<left>30</left>
				<height>60</height>
				<width>60</width>
				<align>center</align>
				<aligny>top</aligny>
				<textoffsety>3</textoffsety>
				<font>IconSmall</font>
				<textcolor>grey</textcolor>
				<focusedcolor>white</focusedcolor>
				<texturenofocus />
				<shadowcolor>ff000000</shadowcolor>
				<label></label>
				<textoffsety>1</textoffsety>
				<visible>Player.Passthrough</visible>
			</control>
			<control type="label">
				<top>10</top>
				<description>Line 1 Label</description>
				<width>470</width>
				<height>40</height>
				<textoffsetx>15</textoffsetx>
				<font>font13_title</font>
				<textcolor>grey2</textcolor>
				<align>right</align>
				<aligny>top</aligny>
				<textoffsety>-4</textoffsety>
				<label>$INFO[Player.Volume]</label>
			</control>
			<control type="progress">
				<top>10</top>
				<left>80</left>
				<width>270</width>
				<height>37</height>
				<texturebg border="2">osd/texturebg2.png</texturebg>
				<lefttexture />
				<midtexture border="2">osd/midtexture.png</midtexture>
				<righttexture />
				<overlaytexture />
				<info>Player.Volume</info>
			</control>
		</control>
		<control type="group">
			<left>1830</left>
			<animation effect="slide" start="120" end="0,0" time="200">VisibleChange</animation>
			<visible>Player.Muted</visible>
			<control type="image">
				<left>20</left>
				<top>56</top>
				<width>90</width>
				<height>80</height>
				<texture border="40,0,40,35">dialogs/dialog_bottom.png</texture>
				<animation effect="rotate" end="-90" center="auto" delay="240" time="640" condition="True">Conditional</animation>
			</control>
			<control type="button">
				<left>6</left>
				<top>73</top>
				<label></label>
				<onclick>Mute</onclick>
				<aligny>top</aligny>
				<textoffsety>2</textoffsety>
				<height>120</height>
				<width>120</width>
				<align>center</align>
				<font>IconMedium</font>
				<textcolor>grey</textcolor>
				<focusedcolor>white</focusedcolor>
				<texturenofocus />
				<shadowcolor>ff000000</shadowcolor>
			</control>
		</control>
	</controls>
</window>