<?xml version="1.0" encoding="UTF-8"?>
<window>
	<defaultcontrol>11</defaultcontrol>
	<include>DialogPopupAnimation</include>
	<coordinates>
		<system>1</system>
		<left>600</left>
		<origin x="920" y="0">String.IsEqual(Skin.AspectRatio,21:9)</origin>
	</coordinates>
	<controls>
		<control type="label" id="10">
			<description>Dialog header</description>
			<left>30</left>
			<width>345</width>
			<height>60</height>
			<textoffsetx>15</textoffsetx>
			<font>font14_title</font>
			<textcolor>grey2</textcolor>
		</control>
		<control type="label" id="12">
			<description>Slider Value</description>
			<left>30</left>
			<width>650</width>
			<height>60</height>
			<align>right</align>
			<font>font14_title</font>
			<textcolor>grey2</textcolor>
		</control>
		<control type="slider" id="11">
			<description>Slider</description>
			<left>45</left>
			<top>60</top>
			<width>630</width>
			<height>30</height>
			<texturesliderbar>osd_slider_bg_2.png</texturesliderbar>
			<textureslidernib>osd_slider_nibNF.png</textureslidernib>
			<textureslidernibfocus>osd_slider_nib.png</textureslidernibfocus>
			<onup>11</onup>
			<ondown>11</ondown>
			<onleft>11</onleft>
			<onright>11</onright>
		</control>
	</controls>
</window>