<?xml version="1.0" encoding="UTF-8"?>
<window>
	<defaultcontrol>61</defaultcontrol>
	<include>ViewAnimation</include>
	<include>slideright</include>
	<controls>
		<control type="group">
			<include>WindowSettingsFadeAnimation</include>
			<width>1380</width>
			<height>904</height>
			<centerleft>50%</centerleft>
			<centertop>50%</centertop>
			<control type="image">
				<width>1380</width>
				<height>904</height>
				<texture border="40">65.png</texture>
			</control>
			<control type="label" id="1">
				<description>header label</description>
				<left>62</left>
				<top>32</top>
				<width>1256</width>
				<height>40</height>
				<font>font15_title</font>
				<align>center</align>
				<textcolor>dialogheader</textcolor>
			</control>
			<control type="textbox" id="5">
				<description>textarea</description>
				<left>62</left>
				<top>72</top>
				<width>1256</width>
				<height>800</height>
				<font>font15_textbox</font>
				<textcolor>grey2</textcolor>
				<pagecontrol>61</pagecontrol>
			</control>
			<control type="scrollbar" id="61">
				<left>1348</left>
				<top>32</top>
				<width>14</width>
				<height>840</height>
				<onleft>Dialog.Close(textviewer)</onleft>
				<onright>Dialog.Close(textviewer)</onright>
				<ondown>61</ondown>
				<onup>61</onup>
				<showonepage>false</showonepage>
				<texturesliderbackground />
				<texturesliderbar colordiffuse="55ffffff" border="1">scrollbar/texturesliderbar2.png</texturesliderbar>
				<texturesliderbarfocus border="1">scrollbar/texturesliderbar2.png</texturesliderbarfocus>
				<orientation>vertical</orientation>
			</control>
		</control>
	</controls>
</window>