<?xml version="1.0" encoding="UTF-8"?>
<window>
	<defaultcontrol always="true">9000</defaultcontrol>
	<controls>
		<control type="panel" id="50">
			<include>HiddenList</include>
		</control>
		<control type="group">
			<include>WindowOpenCloseAnimation</include>
			<control type="group">
				<top>120</top>
				<left>80</left>
				<width>500</width>
				<height>920</height>
				<include>SettingsBG</include>
				<control type="image">
					<left>75</left>
					<top>30</top>
					<width>350</width>
					<height>350</height>
					<aspectratio>keep</aspectratio>
					<texture>$INFO[ListItem.Icon]</texture>
					<bordersize>1,1,2,1</bordersize>
				</control>
				<control type="grouplist" id="9000">
					<left>20</left>
					<top>390</top>
					<width>500</width>
					<height>520</height>
					<onleft>60</onleft>
					<onright>60</onright>
					<onup>9000</onup>
					<ondown>9000</ondown>
					<itemgap>2</itemgap>
					<control type="button" id="9">
						<description>Configure Addon</description>
						<width>460</width>
						<height>70</height>
						<label>24020</label>
						<font>font25</font>
						<textcolor>white2</textcolor>
						<focusedcolor>white2</focusedcolor>
						<disabledcolor>grey4</disabledcolor>
						<texturefocus border="25" diffuse="list4.png">list.png</texturefocus>
						<texturenofocus border="25" diffuse="list4.png">list.png</texturenofocus>
						<animation effect="zoom" start="100" end="90" center="210,35" time="100">Focus</animation>
						<animation effect="zoom" start="90" end="100" center="210,35" time="200">UnFocus</animation>
					</control>
					<control type="button" id="8">
						<description>Update Addon button</description>
						<width>460</width>
						<height>70</height>
						<label>24069</label>
						<font>font25</font>
						<textcolor>white2</textcolor>
						<focusedcolor>white2</focusedcolor>
						<disabledcolor>grey4</disabledcolor>
						<texturefocus border="25" diffuse="list4.png">list.png</texturefocus>
						<texturenofocus border="25" diffuse="list4.png">list.png</texturenofocus>
						<animation effect="zoom" start="100" end="90" center="210,35" time="100">Focus</animation>
						<animation effect="zoom" start="90" end="100" center="210,35" time="200">UnFocus</animation>
					</control>
					<control type="button" id="200">
						<description>Screenshot button</description>
						<width>460</width>
						<height>70</height>
						<label>$LOCALIZE[1000]</label>
						<font>font25</font>
						<textcolor>white2</textcolor>
						<focusedcolor>white2</focusedcolor>
						<disabledcolor>grey4</disabledcolor>
						<onclick>SetFocus(50)</onclick>
						<onclick>Action(select)</onclick>
						<onclick>SetFocus(9000)</onclick>
						<enable>Integer.IsGreater(Container(50).NumItems,0)</enable>
						<texturefocus border="25" diffuse="list4.png">list.png</texturefocus>
						<texturenofocus border="25" diffuse="list4.png">list.png</texturenofocus>
						<animation effect="zoom" start="100" end="90" center="210,35" time="100">Focus</animation>
						<animation effect="zoom" start="90" end="100" center="210,35" time="200">UnFocus</animation>
					</control>
					<control type="button" id="12">
						<description>Launch Addon button</description>
						<width>460</width>
						<height>70</height>
						<label>518</label>
						<font>font25</font>
						<textcolor>white2</textcolor>
						<focusedcolor>white2</focusedcolor>
						<disabledcolor>grey4</disabledcolor>
						<texturefocus border="25" diffuse="list4.png">list.png</texturefocus>
						<texturenofocus border="25" diffuse="list4.png">list.png</texturenofocus>
						<animation effect="zoom" start="100" end="90" center="210,35" time="100">Focus</animation>
						<animation effect="zoom" start="90" end="100" center="210,35" time="200">UnFocus</animation>
					</control>
					<control type="button" id="6">
						<description>Install/UnInstall Addon button</description>
						<width>460</width>
						<height>70</height>
						<label>24022</label>
						<font>font25</font>
						<textcolor>white2</textcolor>
						<focusedcolor>white2</focusedcolor>
						<disabledcolor>grey4</disabledcolor>
						<texturefocus border="25" diffuse="list4.png">list.png</texturefocus>
						<texturenofocus border="25" diffuse="list4.png">list.png</texturenofocus>
						<animation effect="zoom" start="100" end="90" center="210,35" time="100">Focus</animation>
						<animation effect="zoom" start="90" end="100" center="210,35" time="200">UnFocus</animation>
					</control>
					<control type="button" id="7">
						<description>Enable/Disable Addon button</description>
						<width>460</width>
						<height>70</height>
						<label>24021</label>
						<font>font25</font>
						<textcolor>white2</textcolor>
						<focusedcolor>white2</focusedcolor>
						<disabledcolor>grey4</disabledcolor>
						<texturefocus border="25" diffuse="list4.png">list.png</texturefocus>
						<texturenofocus border="25" diffuse="list4.png">list.png</texturenofocus>
						<animation effect="zoom" start="100" end="90" center="210,35" time="100">Focus</animation>
						<animation effect="zoom" start="90" end="100" center="210,35" time="200">UnFocus</animation>
					</control>
					<control type="radiobutton" id="13">
						<description>Auto Update Addon button</description>
						<width>460</width>
						<height>70</height>
						<label>21340</label>
						<font>font25</font>
						<textcolor>white2</textcolor>
						<focusedcolor>white2</focusedcolor>
						<disabledcolor>grey4</disabledcolor>
						<texturefocus border="25" diffuse="list4.png">list.png</texturefocus>
						<texturenofocus border="25" diffuse="list4.png">list.png</texturenofocus>
						<animation effect="zoom" start="100" end="90" center="210,35" time="100">Focus</animation>
						<animation effect="zoom" start="90" end="100" center="210,35" time="200">UnFocus</animation>
					</control>
				</control>
			</control>
			<control type="group">
				<control type="group">
					<left>640</left>
					<top>120</top>
					<left>100</left>
					<width>1200</width>
					<height>920</height>
					<control type="image">
						<width>1200</width>
						<height>920</height>
						<texture border="40">65.png</texture>
					</control>
					<visible>!Window.isVisible(AddonSettings) + !Window.IsActive(TextViewer)</visible>
					<include>SettingsFadeAnimation</include>
					<control type="grouplist">
						<left>32</left>
						<top>32</top>
						<width>600</width>
						<itemgap>10</itemgap>
						<control type="button">
							<label>[COLOR labelheader]$LOCALIZE[21863]:[/COLOR][CR]$INFO[ListItem.AddonCreator]</label>
							<include>SettingsPanelButtonsValues</include>
						</control>
						<control type="group">
						<control type="button">
							<width>300</width>
							<label>[COLOR labelheader]$LOCALIZE[24051][/COLOR][CR]$INFO[ListItem.AddonVersion]</label>
							<include>SettingsPanelButtonsValues</include>
						</control>
					</control>
					</control>
					<control type="grouplist">
						<left>600</left>
						<top>32</top>
						<itemgap>10</itemgap>
						<width>600</width>
						<usecontrolcoords>true</usecontrolcoords>
						<control type="group">
							<height>90</height>
						<control type="button">
							<width>600</width>
							<label>[COLOR labelheader]$LOCALIZE[12013]:[/COLOR][CR]$INFO[ListItem.AddonInstallDate]</label>
							<include>SettingsPanelButtonsValues</include>
						</control>
						<control type="button">
							<left>600</left>
							<width>300</width>
							<label>[COLOR labelheader]$LOCALIZE[146][/COLOR][CR]$INFO[ListItem.AddonType]</label>
							<include>SettingsPanelButtonsValues</include>
						</control>
					</control>
						<control type="button">
							<label>[COLOR labelheader]$LOCALIZE[560]:[/COLOR][CR]$INFO[ListItem.Property(Addon.ID)]</label>
							<include>SettingsPanelButtonsValues</include>
						</control>
					</control>
					<control type="grouplist">
						<left>47</left>
						<top>230</top>
						<height>640</height>
						<usecontrolcoords>true</usecontrolcoords>
						<pagecontrol>60</pagecontrol>
						<control type="textbox" id="400">
							<description>Description</description>
							<width>1100</width>
							<height>auto</height>
							<font>font15_textbox</font>
							<align>justify</align>
							<textcolor>grey2</textcolor>
							<label>$INFO[ListItem.AddonDescription,[COLOR labelheader]$LOCALIZE[21821]: [/COLOR][CR]]</label>
						</control>
						<control type="image">
							<top>-40</top>
							<width>1316</width>
							<height>60</height>
							<texture border="1">separator2.png</texture>
							<visible>!String.IsEmpty(ListItem.AddonNews)</visible>
						</control>
						<control type="textbox">
							<description>What's new</description>
							<top>10</top>
							<width>1256</width>
							<height>auto</height>
							<font>font15_textbox</font>
							<align>justify</align>
							<textcolor>grey2</textcolor>
							<label>$INFO[ListItem.AddonNews,[COLOR labelheader]$LOCALIZE[24054]: [/COLOR][CR]]</label>
							<visible>!String.IsEmpty(ListItem.AddonNews)</visible>
						</control>
						<control type="image">
							<top>-40</top>
							<width>1316</width>
							<height>60</height>
							<texture border="1">separator2.png</texture>
							<visible>!String.IsEmpty(ListItem.AddonDisclaimer)</visible>
						</control>
						<control type="textbox">
							<description>Disclaimer</description>
							<top>10</top>
							<width>1256</width>
							<height>auto</height>
							<font>font15_textbox</font>
							<align>justify</align>
							<visible>!String.IsEmpty(ListItem.AddonDisclaimer)</visible>
						</control>
					</control>
					<control type="scrollbar" id="60">
						<left>1347</left>
						<top>232</top>
						<width>14</width>
						<height>640</height>
						<onleft>9000</onleft>
						<onright>9000</onright>
						<ondown>60</ondown>
						<onup>60</onup>
						<showonepage>false</showonepage>
						<texturesliderbackground>-</texturesliderbackground>
						<texturesliderbar colordiffuse="55ffffff" border="1">scrollbar/texturesliderbar2.png</texturesliderbar>
						<texturesliderbarfocus border="1">scrollbar/texturesliderbar2.png</texturesliderbarfocus>
					</control>
				</control>
			</control>
			<control type="group">
				<left>522</left>
				<top>751</top>
				<include>SettingsFadeAnimation</include>
				<visible>!Window.isVisible(AddonSettings) + !Window.IsActive(TextViewer)</visible>
				<visible>!String.IsEmpty(ListItem.AddonBroken)</visible>
				<control type="image">
					<width>120</width>
					<height>120</height>
					<aspectratio align="left">keep</aspectratio>
					<bordersize>1,1,2,1</bordersize>
					<texture>DefaultIconError.png</texture>
				</control>
				<control type="fadelabel">
					<left>120</left>
					<top>10</top>
					<width>1181</width>
					<height>115</height>
					<aligny>top</aligny>
					<textcolor>labelheader</textcolor>
					<textoffsetx>15</textoffsetx>
					<font>font15_title</font>
					<label>24096</label>
				</control>
				<control type="fadelabel">
					<left>120</left>
					<top>55</top>
					<width>1181</width>
					<height>50</height>
					<textcolor>grey2</textcolor>
					<textoffsetx>15</textoffsetx>
					<font>font15</font>
					<label>$INFO[ListItem.AddonBroken]</label>
				</control>
			</control>
		</control>
	</controls>
</window>