<?xml version="1.0" encoding="UTF-8"?>
<window>
	<defaultcontrol>9000</defaultcontrol>
	<onload>SetFocus(1)</onload>
	<include>DialogAnimation</include>
	<controls>
		<control type="group">
			<centerleft>50%</centerleft>
			<centertop>50%</centertop>
			<width>430</width>
			<height>320</height>
			<control type="image" id="13">
				<description>background image</description>
				<width>100%</width>
				<height>100%</height>
				<texture border="30">65.png</texture>
			</control>
			<control type="grouplist" id="9000">
				<left>10</left>
				<top>10</top>
				<onup>9000</onup>
				<ondown>9000</ondown>
				<control type="button" id="9001">
					<description>rd1</description>
					<font>font30</font>
					<width>410</width>
					<align>center</align>
					<height>60</height>
					<textwidth>435</textwidth>
					<textoffsetx>45</textoffsetx>
					<onclick>RunPlugin(plugin://script.module.resolveurl/?mode=auth_rd)</onclick>
					<visible>yes</visible>
					<label>RD1</label>
					<animation effect="zoom" start="100" end="90" center="200,20" time="100">Focus</animation>
					<animation effect="zoom" start="90" end="100" center="200,20" time="200">UnFocus</animation>
				</control>
				<control type="button" id="9002">
					<description>rd2</description>
					<font>font30</font>
					<width>410</width>
					<align>center</align>
					<height>60</height>
					<textwidth>435</textwidth>
					<textoffsetx>45</textoffsetx>
					<onclick>RunPlugin(plugin://script.module.urlresolver/?mode=auth_rd)</onclick>
					<visible>yes</visible>
					<label>RD2</label>
					<animation effect="zoom" start="100" end="90" center="200,20" time="100">Focus</animation>
					<animation effect="zoom" start="90" end="100" center="200,20" time="200">UnFocus</animation>
				</control>
				<control type="button" id="9003">
					<description>instr</description>
					<font>font30</font>
					<width>410</width>
					<height>60</height>
					<align>center</align>
					<textwidth>435</textwidth>
					<textoffsetx>45</textoffsetx>
					<onclick>ShowPicture(special://skin/extras/rd/instr.png)</onclick>
					<visible>yes</visible>
					<label>RD Inst.</label>
					<animation effect="zoom" start="100" end="90" center="200,20" time="100">Focus</animation>
					<animation effect="zoom" start="90" end="100" center="200,20" time="200">UnFocus</animation>
				</control>
				<control type="image" id="9005">
					<width>410</width>
					<height>60</height>
					<texture border="25">button.png</texture>
				</control>
				<control type="button" id="9004">
					<description>Exit button</description>
					<font>font30</font>
					<width>410</width>
					<height>60</height>
					<align>center</align>
					<textwidth>435</textwidth>
					<textoffsetx>45</textoffsetx>
					<onclick>Quit()</onclick>
					<label>EXIT</label>
					<visible>System.ShowExitButton</visible>
					<animation effect="zoom" start="100" end="90" center="200,20" time="100">Focus</animation>
					<animation effect="zoom" start="90" end="100" center="200,20" time="200">UnFocus</animation>
				</control>
			</control>
		</control>
	</controls>
</window>