<?xml version="1.0" encoding="UTF-8"?>
<window>
	<defaultcontrol always="true">9000</defaultcontrol>
	<include>DialogAnimation</include>
	<include>VisibleFadeAnimation</include>
	<controls>
		<control type="group" id="9000">
			<include>DialogAnimation</include>
			<control type="group">
				<left>75</left>
				<top>120</top>
				<width>1030</width>
				<height>930</height>
				<visible>!Control.IsVisible(6)</visible>
				<control type="image">
					<width>100%</width>
					<height>100%</height>
					<texture border="40">85.png</texture>
				</control>
				<control type="list" id="3">
					<left>10</left>
					<top>10</top>
					<width>1050</width>
					<height>904</height>
					<onup>9001</onup>
					<ondown>9001</ondown>
					<pagecontrol>60</pagecontrol>
					<scrolltime tween="quadratic" easing="out">200</scrolltime>

					<itemlayout height="113" width="1050">
						<control type="image">
							<width>1050</width>
							<height>113</height>
							<texture border="25" diffuse="png">list.png</texture>
						</control>
						<control type="label">
							<left>25</left>
							<top>10</top>
							<width>1030</width>
							<font>font30</font>
							<textcolor>white</textcolor>
							<selectedcolor>selected</selectedcolor>
							<label>$INFO[ListItem.Label]</label>
						</control>
					</itemlayout>
					<focusedlayout height="113" width="1050">
						<control type="group">
							<animation effect="zoom" start="100" end="90" center="0,75" time="100">Focus</animation>
							<animation effect="zoom" start="90" end="100" center="0,75" time="200">UnFocus</animation>
							<control type="image">
								<width>1050</width>
								<height>113</height>
								<texture border="25">list.png</texture>
							</control>
							<control type="label">
								<left>25</left>
								<top>10</top>
								<width>1030</width>
								<font>font30</font>
								<textcolor>white</textcolor>
								<selectedcolor>selected</selectedcolor>
								<label>$INFO[ListItem.Label]</label>
							</control>
						</control>
						<control type="image">
							<width>1050</width>
							<height>113</height>
							<texture border="25">listfo.png</texture>
							<animation effect="zoom" start="100" end="90" center="0,75" time="100">Focus</animation>
							<animation effect="fade" time="0">UnFocus</animation>
						</control>
					</focusedlayout>
				</control>
			</control>
			<control type="group">
				<left>445</left>
				<width>1000</width>
				<height>580</height>
				<centertop>50%</centertop>
				<visible>!Control.IsVisible(3)</visible>
				<control type="image">
					<left>20</left>
					<top>20</top>
					<width>1000</width>
					<height>580</height>
					<texture border="40">85.png</texture>
				</control>
				<control type="list" id="6">
					<top>100</top>
					<height>370</height>
					<left>30</left>
					<onup>9001</onup>
					<ondown>9001</ondown>
					<pagecontrol>60</pagecontrol>
					<scrolltime tween="quadratic" easing="out">200</scrolltime>
					<itemlayout height="60" width="460">
						<control type="image">
							<width>460</width>
							<height>60</height>
							<texture border="25">button.png</texture>
						</control>
						<control type="label">
							<width>460</width>
							<height>60</height>
							<font>font30</font>
							<textoffsetx>15</textoffsetx>
							<textcolor>white2</textcolor>
							<selectedcolor>selected</selectedcolor>
							<label>$INFO[ListItem.Label]</label>
						</control>
						<control type="label">
							<right>10</right>
							<width>200</width>
							<height>60</height>
							<font>font30</font>
							<textoffsetx>15</textoffsetx>
							<textcolor>white2</textcolor>
							<selectedcolor>selected</selectedcolor>
							<align>right</align>
							<label>$INFO[ListItem.AddonVersion]</label>
						</control>
					</itemlayout>
					<focusedlayout height="60" width="460">
						<control type="group">
							<control type="image">
								<width>460</width>
								<height>60</height>
								<texture border="25">buttonfo.png</texture>
							</control>
							<control type="label">
								<width>460</width>
								<height>60</height>
								<font>font30</font>
								<textoffsetx>15</textoffsetx>
								<textcolor>white2</textcolor>
								<selectedcolor>selected</selectedcolor>
								<label>$INFO[ListItem.Label]</label>
							</control>
							<control type="label">
								<right>10</right>
								<width>200</width>
								<height>60</height>
								<font>font30</font>
								<textoffsetx>15</textoffsetx>
								<textcolor>white2</textcolor>
								<selectedcolor>selected</selectedcolor>
								<align>right</align>
								<label>$INFO[ListItem.AddonVersion]</label>
							</control>
							<include>ListZoom</include>
						</control>
					</focusedlayout>
				</control>
				<control type="label" id="1">
					<top>30</top>
					<width>1040</width>
					<height>40</height>
					<font>font30</font>
					<label />
					<align>center</align>
					<textcolor>white2</textcolor>
					<visible>!Control.IsVisible(3)</visible>
				</control>
				<control type="label">
					<top>100</top>
					<left>540</left>
					<width>460</width>
					<height>60</height>
					<align>center</align>
					<font>font30</font>
					<textoffsetx>15</textoffsetx>
					<textcolor>white2</textcolor>
					<selectedcolor>selected</selectedcolor>
					<label>$INFO[ListItem.Label2]</label>
				</control>
				<control type="image">
					<left>630</left>
					<top>150</top>
					<height>300</height>
					<width>300</width>
					<texture>$INFO[ListItem.Icon]</texture>
				</control>
			</control>
			<control type="group">
				<left>445</left>
				<width>1000</width>
				<height>580</height>
				<centertop>50%</centertop>
				<visible>!Container.Content(movies)</visible>
				<visible>!Container.Content(episodes)</visible>
				<control type="grouplist" id="9001">
					<left>30</left>
					<top>490</top>
					<height>720</height>
					<ondown>6</ondown>
					<onup>6</onup>
					<ondown>3</ondown>
					<onup>3</onup>
					<itemgap>60</itemgap>
					<orientation>horizontal</orientation>
					<control type="button" id="5">
						<description>Manual button</description>
						<width>460</width>
						<height>100</height>
						<label>186</label>
					</control>
					<control type="button" id="7">
						<description>cancel button</description>
						<width>460</width>
						<height>100</height>
						<label>186</label>
					</control>
				</control>
			</control>
		</control>
	</controls>
</window>