<?xml version="1.0" encoding="UTF-8"?>
<window>
	<defaultcontrol>20</defaultcontrol>
	<allowoverlay>no</allowoverlay>
	<controls>
		<include>CommonBackground</include>
		<include>WindowOpenCloseAnimation</include>
		<control type="group">
			<top>240</top>
			<left>50</left>
			<width>800</width>
			<height>800</height>
			<control type="image">
				<width>100%</width>
				<height>100%</height>
				<texture border="40">65.png</texture>
			</control>
			<control type="label" id="101">
				<description>current directory text label</description>
				<top>20</top>
				<width>800</width>
				<height>90</height>
				<font>font16_title</font>
				<textcolor>white</textcolor>
				<textoffsetx>30</textoffsetx>
			</control>
			<control type="list" id="20">
				<left>10</left>
				<top>100</top>
				<width>780</width>
				<height>680</height>
				<onright>10</onright>
				<onup>20</onup>
				<ondown>20</ondown>
				<pagecontrol>30</pagecontrol>
				<scrolltime tween="quadratic" easing="out">200</scrolltime>
				<itemlayout height="100" width="780">
					<control type="image">
						<width>780</width>
						<height>100</height>
						<texture border="25">list.png</texture>
					</control>
					<control type="label">
						<width>630</width>
						<height>60</height>
						<font>font14</font>
						<textoffsetx>15</textoffsetx>
						<textcolor>grey2</textcolor>
						<selectedcolor>selected</selectedcolor>
						<label>$INFO[ListItem.Label]</label>
					</control>
					<control type="label">
						<width>630</width>
						<height>60</height>
						<font>font14</font>
						<textoffsetx>15</textoffsetx>
						<textcolor>grey2</textcolor>
						<selectedcolor>selected</selectedcolor>
						<align>right</align>
						<label>$INFO[ListItem.Label2]</label>
					</control>
				</itemlayout>
				<focusedlayout height="100" width="780">
					<control type="group">
						<control type="image">
							<width>780</width>
							<height>100</height>
							<texture border="25">list.png</texture>
						</control>
						<control type="image">
							<width>780</width>
							<height>100</height>
							<texture>listfo.png</texture>
						</control>
						<control type="label">
							<width>780</width>
							<height>60</height>
							<font>font14</font>
							<textoffsetx>15</textoffsetx>
							<textcolor>white</textcolor>
							<selectedcolor>selected</selectedcolor>
							<label>$INFO[ListItem.Label]</label>
							<animation effect="fade" start="100" end="70" time="300" tween="sine" easing="inout" condition="!Control.HasFocus(20)">Conditional</animation>
						</control>
						<control type="label">
							<width>780</width>
							<height>60</height>
							<font>font14</font>
							<textoffsetx>15</textoffsetx>
							<textcolor>grey</textcolor>
							<selectedcolor>selected</selectedcolor>
							<align>right</align>
							<label>$INFO[ListItem.Label2]</label>
							<animation effect="fade" start="100" end="70" time="300" tween="sine" easing="inout" condition="!Control.HasFocus(20)">Conditional</animation>
						</control>
						<include>ListZoom</include>
					</control>
				</focusedlayout>
			</control>
		</control>
		<include>Topbar</include>
		<control type="label">
			<left>1020</left>
			<width>900</width>
			<height>90</height>
			<font>font13_title</font>
			<textoffsetx>15</textoffsetx>
			<textcolor>grey2</textcolor>
			<align>right</align>
			<aligny>top</aligny>
			<textoffsety>-2</textoffsety>
			<label>$INFO[Container(20).NumItems,, $LOCALIZE[31025]]$INFO[Container(20).CurrentPage,[COLOR grey3] | ,]$INFO[Container(20).NumPages,/,[/COLOR]]</label>
			<animation effect="slide" start="0,-90" end="0,0" delay="800" time="480" condition="Window.Previous(home)">WindowOpen</animation>
			<animation effect="slide" end="0,-90" start="0,0" time="480" condition="Window.Next(home)">WindowClose</animation>
			<visible>Control.HasFocus(20)</visible>
			<include>VisibleFadeAnimation</include>
		</control>
		<control type="label">
			<left>1020</left>
			<width>900</width>
			<height>90</height>
			<font>font13_title</font>
			<textoffsetx>15</textoffsetx>
			<textcolor>grey2</textcolor>
			<align>right</align>
			<aligny>top</aligny>
			<textoffsety>-2</textoffsety>
			<label>$INFO[Container(21).NumItems,, $LOCALIZE[31025]]$INFO[Container(21).CurrentPage,[COLOR grey3] | ,]$INFO[Container(21).NumPages,/,[/COLOR]]</label>
			<animation effect="slide" start="0,-90" end="0,0" delay="800" time="480" condition="Window.Previous(home)">WindowOpen</animation>
			<animation effect="slide" end="0,-90" start="0,0" time="480" condition="Window.Next(home)">WindowClose</animation>
			<visible>Control.HasFocus(21)</visible>
			<include>VisibleFadeAnimation</include>
		</control>
	</controls>
</window>