<?xml version="1.0" encoding="UTF-8"?>
<window>
	<defaultcontrol always="true">450</defaultcontrol>
	<allowoverlay>true</allowoverlay>
	<include>WindowOpenCloseAnimation</include>
	<controls>
		<control type="group">
			<width>1570</width>
			<height>662</height>
			<centerleft>50%</centerleft>
			<centertop>50%</centertop>
			<control type="image">
				<width>1570</width>
				<height>662</height>
				<texture border="40">65.png</texture>
			</control>
			<control type="label" id="412">
				<description>Path label</description>
				<label>1023</label>
				<left>30</left>
				<top>32</top>
				<width>960</width>
				<height>40</height>
				<textoffsetx>15</textoffsetx>
				<font>font15_title</font>
				<label>$LOCALIZE[13406]</label>
				<align>center</align>
				<textcolor>dialogheader</textcolor>
				<animation effect="fade" start="0" end="100" time="250" delay="3000" condition="True">Conditional</animation>
			</control>
			<control type="group">
				<left>1006</left>
				<top>86</top>
				<width>534</width>
				<control type="grouplist" id="9000">
					<top>1</top>
					<width>534</width>
					<height>540</height>
					<orientation>vertical</orientation>
					<onleft>450</onleft>
					<onup>9000</onup>
					<ondown>9000</ondown>
					<control type="button" id="413">
						<description>OK button</description>
						<width>534</width>
						<label>186</label>
					</control>
					<control type="button" id="414">
						<description>Cancel button</description>
						<label>222</label>
						<width>534</width>
					</control>
					<control type="button" id="415">
						<description>Create folder button</description>
						<label>119</label>
						<width>534</width>
					</control>
					<control type="radiobutton" id="416">
						<description>Flip Image button</description>
						<radioposx>460</radioposx>
						<width>534</width>
						<label>749</label>
					</control>
				</control>
			</control>

			<control type="group">
				<left>30</left>
				<top>86</top>
				<width>960</width>
				<control type="list" id="450">
					<left>1</left>
					<top>1</top>
					<width>960</width>
					<height>540</height>
					<onright>9000</onright>
					<onup>450</onup>
					<ondown>450</ondown>
					<pagecontrol>60</pagecontrol>
					<viewtype>list</viewtype>
					<scrolltime tween="quadratic" easing="out">200</scrolltime>
					<itemlayout height="100" width="960">
						<control type="image">
							<width>960</width>
							<height>100</height>
							<texture border="25">button.png</texture>
						</control>
						<control type="label">
							<width>960</width>
							<height>60</height>
							<font>font14</font>
							<textoffsetx>15</textoffsetx>
							<textcolor>grey2</textcolor>
							<info>ListItem.Label</info>
						</control>
					</itemlayout>
					<focusedlayout height="100" width="960">
						<control type="group">
							<control type="image">
								<width>960</width>
								<height>100</height>
								<texture border="5">buttonfo.png</texture>
							</control>
							<control type="label">
								<width>960</width>
								<height>60</height>
								<font>font14</font>
								<textoffsetx>15</textoffsetx>
								<selectedcolor>green</selectedcolor>
								<info>ListItem.Label</info>
							</control>
							<include>ListZoom</include>
						</control>
					</focusedlayout>
				</control>
			</control>
		</control>
	</controls>
</window>