<?xml version="1.0" encoding="UTF-8"?>
<fonts>
	<fontset id="Default" idloc="31390">
		<!-- My Custom Fonts -->

		<font>
			<name>font33_textbox</name>
			<filename>RobotoCondensed-Regular.ttf</filename>
			<size>33</size>
			<linespacing>1.20</linespacing>
		</font>

		<font>
			<name>font_MainMenu</name>
			<filename>BROAD.ttf</filename>
			<size>45</size>
		</font>

		<font>
			<name>font20</name>
			<filename>BROAD.ttf</filename>
			<style>lighten</style>
			<size>20</size>
		</font>

		<font>
			<name>font25</name>
			<filename>BROAD.ttf</filename>
			<style>lighten</style>
			<size>25</size>
		</font>

		<font>
			<name>font35</name>
			<filename>BROAD.ttf</filename>
			<style>lighten</style>
			<size>35</size>
		</font>

		<font>
			<name>font30</name>
			<filename>BROAD.ttf</filename>
			<style>lighten</style>
			<size>30</size>
		</font>

		<font>
			<name>font40</name>
			<filename>BROAD.ttf</filename>
			<linespacing>0</linespacing>
			<size>40</size>
		</font>

		<font>
			<name>font45</name>
			<filename>BROAD.ttf</filename>
			<linespacing>0</linespacing>
			<size>45</size>
		</font>

		<font>
			<name>font50</name>
			<filename>BROAD.ttf</filename>
			<linespacing>0</linespacing>
			<size>50</size>
		</font>

		<font>
			<name>font30_titlenav</name>
			<filename>BROAD.ttf</filename>
			<style>uppercase</style>
			<size>40</size>
		</font>

		<font>
			<name>font30_list</name>
			<filename>BROAD.ttf</filename>
			<style>uppercase</style>
			<size>50</size>
		</font>

		<font>
			<name>font31_list</name>
			<filename>BROAD.ttf</filename>
			<style>uppercase</style>
			<size>38</size>
		</font>

		<font>
			<name>font32_list</name>
			<filename>BROAD.ttf</filename>
			<style>uppercase</style>
			<size>34</size>
		</font>

		<!-- Not My Fonts -->
		<!-- Normal Fonts -->
		<font>
			<name>fontArial15</name>
			<filename>Arial.ttf</filename>
			<size>35</size>
		</font>

		<font>
			<name>font10</name>
			<filename>RobotoCondensed-Regular.ttf</filename>
			<size>21</size>
		</font>

		<font>
			<name>font12</name>
			<filename>RobotoCondensed-Regular.ttf</filename>
			<size>26</size>
		</font>

		<font>
			<name>font13</name>
			<filename>RobotoCondensed-Regular.ttf</filename>
			<size>30</size>
		</font>

		<font>
			<name>font15_textbox</name>
			<filename>RobotoCondensed-Regular.ttf</filename>
			<size>35</size>
			<linespacing>1.4</linespacing>
		</font>

		<font>
			<name>font14</name>
			<filename>RobotoCondensed-Regular.ttf</filename>
			<size>33</size>
		</font>

		<font>
			<name>font15</name>
			<filename>RobotoCondensed-Regular.ttf</filename>
			<size>35</size>
		</font>

		<font>
			<name>font16</name>
			<filename>RobotoCondensed-Regular.ttf</filename>
			<size>38</size>
		</font>

		<font>
			<name>font48</name>
			<filename>RobotoCondensed-Regular.ttf</filename>
			<size>48</size>
		</font>

		<font>
			<name>font48_bold</name>
			<filename>RobotoCondensed-Regular.ttf</filename>
			<style>bold</style>
			<size>48</size>
		</font>

		<!-- Title Fonts -->
		<font>
			<name>font12_title</name>
			<filename>RobotoCondensed-Regular.ttf</filename>
			<style>uppercase</style>
			<size>26</size>
		</font>

		<font>
			<name>font13_title</name>
			<filename>RobotoCondensed-Regular.ttf</filename>
			<style>uppercase</style>
			<size>30</size>
		</font>

		<font>
			<name>font14_title</name>
			<filename>RobotoCondensed-Regular.ttf</filename>
			<style>uppercase</style>
			<size>33</size>
		</font>

		<font>
			<name>font15_title</name>
			<filename>RobotoCondensed-Regular.ttf</filename>
			<style>uppercase</style>
			<size>35</size>
		</font>

		<font>
			<name>font16_title</name>
			<filename>RobotoCondensed-Regular.ttf</filename>
			<style>uppercase</style>
			<size>38</size>
		</font>

		<font>
			<name>font16_title_bold</name>
			<filename>RobotoCondensed-Regular.ttf</filename>
			<style>uppercase bold</style>
			<size>38</size>
		</font>

		<font>
			<name>font30_title</name>
			<filename>RobotoCondensed-Regular.ttf</filename>
			<style>uppercase</style>
			<size>45</size>
		</font>

		<font>
			<name>font30_title_bold</name>
			<filename>RobotoCondensed-Regular.ttf</filename>
			<style>uppercase bold</style>
			<size>45</size>
		</font>

		<font>
			<name>font35_title</name>
			<filename>RobotoCondensed-Regular.ttf</filename>
			<style>uppercase</style>
			<size>52</size>
		</font>

		<font>
			<name>font35_title_bold</name>
			<filename>RobotoCondensed-Regular.ttf</filename>
			<style>uppercase bold</style>
			<size>52</size>
		</font>

		<font>
			<name>BigAssFont</name>
			<filename>BebasNeue.ttf</filename>
			<size>600</size>
		</font>

		<font>
			<name>WeatherTemp</name>
			<filename>RobotoCondensed-Regular.ttf</filename>
			<style>uppercase</style>
			<size>120</size>
		</font>

		<!-- Icons -->
		<font>
			<name>IconTiny</name>
			<filename>webhostinghub-glyphs.ttf</filename>
			<size>26</size>
		</font>

		<font>
			<name>IconSmall</name>
			<filename>webhostinghub-glyphs.ttf</filename>
			<size>30</size>
		</font>

		<font>
			<name>IconMedium</name>
			<filename>webhostinghub-glyphs.ttf</filename>
			<size>36</size>
		</font>

		<font>
			<name>CloseButton</name>
			<filename>webhostinghub-glyphs.ttf</filename>
			<size>20</size>
		</font>

	</fontset>
</fonts>