<?xml version="1.0" encoding="UTF-8"?>
<window>
	<defaultcontrol always="true">50</defaultcontrol>
	<allowoverlay>no</allowoverlay>
	<onload>SetProperty(Window.HasSettings,True,home)</onload>
	<onload>ClearProperty(MediaMenu,Home)</onload>
	<onunload>ClearProperty(Window.HasSettings,Home)</onunload>
	<onunload>ClearProperty(Progams.Games,Home)</onunload>
	<views>50,51</views>
	<menucontrol>9051</menucontrol>
	<controls>
		<include>CommonBackground</include>
		<control type="group">
			<include>WindowOpenCloseAnimation</include>
			<include condition="!Skin.HasSetting(Enable.SlimList)">AddonBrowserList</include>
			<!-- view id = 50 -->
		</control>
		<include>ScrollOffsetLabel</include>
		<include>Topbar</include>
	</controls>
</window>