<?xml version="1.0" encoding="UTF-8"?>
<window>
	<defaultcontrol always="true">50</defaultcontrol>
	<allowoverlay>no</allowoverlay>
	<onload>SetProperty(Window.HasSettings,True,home)</onload>
	<onload>ClearProperty(MediaMenu,Home)</onload>
	<onunload>ClearProperty(Window.HasSettings,Home)</onunload>
	<views>50</views>
	<controls>
		<include>CommonBackground</include>
		<control type="group">
			<left>50</left>
			<top>80</top>
			<animation type="WindowOpen" reversible="false">
				<effect type="zoom" start="80" end="100" center="640,360" easing="out" tween="back" time="300" />
				<effect type="fade" start="0" end="100" time="300" />
			</animation>
			<animation type="WindowClose" reversible="false">
				<effect type="zoom" start="100" end="80" center="640,360" easing="in" tween="back" time="300" />
				<effect type="fade" start="100" end="0" time="300" />
			</animation>
			<control type="image">
				<top>148</top>
				<width>885</width>
				<height>784</height>
				<texture border="40">65.png</texture>
			</control>
			<control type="label" id="12">
				<description>current directory text label</description>
				<top>910</top>
				<width>821</width>
				<height>90</height>
				<font>font16_title</font>
				<textcolor>white</textcolor>
				<textoffsetx>30</textoffsetx>
				<haspath>true</haspath>
			</control>
			<control type="scrollbar" id="60">
				<left>856</left>
				<top>182</top>
				<width>8</width>
				<height>720</height>
				<texturesliderbackground />
				<texturesliderbar colordiffuse="55ffffff" border="1">scrollbar/texturesliderbar2.png</texturesliderbar>
				<texturesliderbarfocus border="1">scrollbar/texturesliderbar2.png</texturesliderbarfocus>
				<onleft>50</onleft>
				<onright>100</onright>
				<ondown>60</ondown>
				<onup>60</onup>
				<showonepage>false</showonepage>
				<orientation>vertical</orientation>
			</control>
			<control type="list" id="50">
				<left>32</left>
				<top>182</top>
				<width>821</width>
				<height>720</height>
				<onleft>SetProperty(MediaMenu,True,home)</onleft>
				<onleft>SetFocus(9050)</onleft>
				<onright>60</onright>
				<onup>50</onup>
				<ondown>50</ondown>
				<pagecontrol>60</pagecontrol>
				<scrolltime tween="quadratic" easing="out">200</scrolltime>
				<itemlayout height="60" width="821">
					<control type="image">
						<width>821</width>
						<height>60</height>
						<texture border="1">separator2.png</texture>
					</control>
					<control type="label">
						<width>630</width>
						<height>60</height>
						<font>font14</font>
						<textoffsetx>15</textoffsetx>
						<textcolor>grey2</textcolor>
						<selectedcolor>selected</selectedcolor>
						<label>$INFO[ListItem.Label]</label>
					</control>
					<control type="label">
						<left>0</left>
						<width>821</width>
						<height>60</height>
						<font>font14</font>
						<textoffsetx>15</textoffsetx>
						<textcolor>grey2</textcolor>
						<selectedcolor>selected</selectedcolor>
						<align>right</align>
						<label>$INFO[ListItem.Label2]</label>
					</control>
				</itemlayout>
				<focusedlayout height="60" width="821">
					<control type="image">
						<width>821</width>
						<height>60</height>
						<texture border="1">separator2.png</texture>
					</control>
					<control type="image">
						<width>821</width>
						<height>60</height>
						<texture border="5">listselect_fo.png</texture>
						<visible>Control.HasFocus(50)</visible>
						<include>VisibleFadeAnimation</include>
					</control>
					<control type="label">
						<width>821</width>
						<height>60</height>
						<font>font14</font>
						<textoffsetx>15</textoffsetx>
						<textcolor>white</textcolor>
						<selectedcolor>selected</selectedcolor>
						<label>$INFO[ListItem.Label]</label>
						<animation effect="fade" start="100" end="70" time="300" tween="sine" easing="inout" condition="!Control.HasFocus(50)">Conditional</animation>
					</control>
					<control type="label">
						<left>0</left>
						<width>821</width>
						<height>60</height>
						<font>font14</font>
						<textoffsetx>15</textoffsetx>
						<textcolor>grey</textcolor>
						<selectedcolor>selected</selectedcolor>
						<align>right</align>
						<label>$INFO[ListItem.Label2]</label>
						<animation effect="fade" start="100" end="70" time="300" tween="sine" easing="inout" condition="!Control.HasFocus(50)">Conditional</animation>
					</control>
				</focusedlayout>
			</control>
		</control>
		<control type="group">
			<left>985</left>
			<top>80</top>
			<animation type="WindowOpen" reversible="false">
				<effect type="zoom" start="80" end="100" center="640,360" easing="out" tween="back" time="300" />
				<effect type="fade" start="0" end="100" time="300" />
			</animation>
			<animation type="WindowClose" reversible="false">
				<effect type="zoom" start="100" end="80" center="640,360" easing="in" tween="back" time="300" />
				<effect type="fade" start="100" end="0" time="300" />
			</animation>
			<control type="image">
				<top>148</top>
				<width>885</width>
				<height>784</height>
				<texture border="40">65.png</texture>
			</control>
			<control type="label" id="101">
				<description>current directory text label</description>
				<left>60</left>
				<top>910</top>
				<width>821</width>
				<height>90</height>
				<font>font16_title</font>
				<align>right</align>
				<textcolor>white</textcolor>
				<textoffsetx>30</textoffsetx>
				<haspath>true</haspath>
			</control>
			<control type="scrollbar" id="61">
				<left>856</left>
				<top>182</top>
				<width>8</width>
				<height>720</height>
				<texturesliderbackground />
				<texturesliderbar colordiffuse="55ffffff" border="1">scrollbar/texturesliderbar2.png</texturesliderbar>
				<texturesliderbarfocus border="1">scrollbar/texturesliderbar2.png</texturesliderbarfocus>
				<onleft>100</onleft>
				<onright>SetProperty(MediaMenu,True,home)</onright>
				<onright>SetFocus(9050)</onright>
				<ondown>21</ondown>
				<onup>21</onup>
				<showonepage>false</showonepage>
				<orientation>vertical</orientation>
			</control>
			<control type="list" id="100">
				<left>32</left>
				<top>182</top>
				<width>821</width>
				<height>720</height>
				<onleft>60</onleft>
				<onright>61</onright>
				<onup>100</onup>
				<ondown>100</ondown>
				<pagecontrol>61</pagecontrol>
				<scrolltime tween="quadratic" easing="out">200</scrolltime>
				<itemlayout height="60" width="821">
					<control type="image">
						<width>821</width>
						<height>60</height>
						<texture border="1">separator2.png</texture>
					</control>
					<control type="label">
						<width>630</width>
						<height>60</height>
						<font>font14</font>
						<textoffsetx>15</textoffsetx>
						<textcolor>grey2</textcolor>
						<selectedcolor>selected</selectedcolor>
						<label>$INFO[ListItem.Label]</label>
					</control>
					<control type="label">
						<left>0</left>
						<width>821</width>
						<height>60</height>
						<font>font14</font>
						<textoffsetx>15</textoffsetx>
						<textcolor>grey2</textcolor>
						<selectedcolor>selected</selectedcolor>
						<align>right</align>
						<label>$INFO[ListItem.Label2]</label>
					</control>
				</itemlayout>
				<focusedlayout height="60" width="821">
					<control type="image">
						<width>821</width>
						<height>60</height>
						<texture border="1">separator2.png</texture>
					</control>
					<control type="image">
						<width>821</width>
						<height>60</height>
						<texture border="5">listselect_fo.png</texture>
						<visible>Control.HasFocus(100)</visible>
						<include>VisibleFadeAnimation</include>
					</control>
					<control type="label">
						<width>821</width>
						<height>60</height>
						<font>font14</font>
						<textoffsetx>15</textoffsetx>
						<textcolor>white</textcolor>
						<selectedcolor>selected</selectedcolor>
						<label>$INFO[ListItem.Label]</label>
						<animation effect="fade" start="100" end="70" time="300" tween="sine" easing="inout" condition="!Control.HasFocus(100)">Conditional</animation>
					</control>
					<control type="label">
						<left>0</left>
						<width>821</width>
						<height>60</height>
						<font>font14</font>
						<textoffsetx>15</textoffsetx>
						<textcolor>grey</textcolor>
						<selectedcolor>selected</selectedcolor>
						<align>right</align>
						<label>$INFO[ListItem.Label2]</label>
						<animation effect="fade" start="100" end="70" time="300" tween="sine" easing="inout" condition="!Control.HasFocus(100)">Conditional</animation>
					</control>
				</focusedlayout>
			</control>
		</control>
		<control type="image">
			<top>970</top>
			<width>100%</width>
			<height>140</height>
			<texture border="1">gradient_floor.png</texture>
		</control>
		<include>Topbar</include>
	</controls>
</window>
