<?xml version="1.0" encoding="UTF-8"?>
<window>
	<defaultcontrol always="true">50</defaultcontrol>
	<allowoverlay>no</allowoverlay>
	<onload>SetProperty(Window.HasSettings,True,home)</onload>
	<onload>ClearProperty(MediaMenu,Home)</onload>
	<onunload>ClearProperty(Window.HasSettings,Home)</onunload>
	<views>50,51</views>
	<menucontrol>9051</menucontrol>
	<controls>
		<control type="label" id="4420">
			<label>$VAR[MusicInfoPanelVar]</label>
			<include>HiddenObject</include>
			<visible>Control.IsVisible(52) | Control.IsVisible(54)</visible>
			<include condition="!String.IsEmpty(Skin.String(InfoPanel.Delay))">InfoPanelDelayAnimation</include>
		</control>
		<include>CommonBackground</include>
		<control type="group">
			<include>WindowOpenCloseAnimation</include>
			<include condition="!Skin.HasSetting(Enable.SlimList)">MusicList</include>
			<include condition="Skin.HasSetting(Enable.SlimList)">SlimMusicList</include>
			<!-- view id = 50 -->
			<include>MusicInfoWall</include>
			<!-- view id = 51 -->
		</control>
		<include>UpDownShadow</include>
		<include>ScrollOffsetLabel</include>
		<include>Topbar</include>
	</controls>
</window>