<?xml version="1.0" encoding="UTF-8"?>
<window>
	<defaultcontrol always="true">50</defaultcontrol>
	<allowoverlay>no</allowoverlay>
	<onload>SetProperty(Window.HasSettings,True,home)</onload>
	<onload>ClearProperty(MediaMenu,Home)</onload>
	<onunload>ClearProperty(Window.HasSettings,Home)</onunload>
	<views>50,500</views>
	<menucontrol>9051</menucontrol>
	<controls>
		<include>CommonBackground</include>
		<control type="group">
			<animation effect="slide" start="-5000,0" end="0,0" time="1000">WindowOpen</animation>
			<animation effect="slide" end="-5000,0" start="0,0" time="900">WindowClose</animation>
			<include>WindowOpenCloseAnimation</include>
			<include condition="!Skin.HasSetting(Enable.SlimList)">Programs</include>
			<!-- view id = 50 -->
			<include>PictureWall</include>
			<!-- view id = 500 -->
		</control>
		<include>ScrollOffsetLabel</include>
		<include>Topbar</include>
	</controls>
</window>