<?xml version="1.0" encoding="UTF-8"?>
<window>
	<defaultcontrol always="true">50</defaultcontrol>
	<allowoverlay>true</allowoverlay>
	<views>50,51,52</views>
	<menucontrol>9051</menucontrol>
	<onload>SetProperty(Window.HasSettings,True,home)</onload>
	<onload>ClearProperty(MediaMenu,Home)</onload>
	<onunload>ClearProperty(Window.HasSettings,Home)</onunload>
	<controls>
		<include>WindowOpenCloseAnimation</include>
		<include>VisibleFadeAnimation</include>
		<include>CommonBackground</include>
		<control type="group">
	<!-- view id = 50 -->
			<include>VideoList</include>
	<!-- view id = 51 -->
			<include>VideoInfoWall</include>
	<!-- view id = 52 -->
			<include>View_52_Landscape</include>
			<include>List</include>
		</control>

		<include>Topbar</include>
	</controls>
</window>