<?xml version="1.0" encoding="UTF-8"?>
<window>
	<defaultcontrol>3</defaultcontrol>
	<allowoverlay>no</allowoverlay>
	<onload>SetProperty(Window.HasSettings,True,home)</onload>
	<onload>ClearProperty(MediaMenu,Home)</onload>
	<onunload>ClearProperty(Window.HasSettings,Home)</onunload>
	<controls>
		<include content="CommonBackground">
			<param name="windowOpen" value="![Window.Previous(settings) | Window.Previous(skinsettings)]" />
			<param name="windowClose" value="![Window.Next(settings) | Window.Next(skinsettings)]" />
		</include>
		<include>slideleft</include>
		<control type="group">
			<top>130</top>
			<left>100</left>
			<width>1720</width>
			<height>930</height>
			<include>SettingsBG</include>
			<control type="grouplist" id="3">
				<description>button area</description>
				<left>10</left>
				<top>10</top>
				<width>425</width>
				<height>720</height>
				<onleft>61</onleft>
				<onright>5</onright>
				<onup>3</onup>
				<ondown>3</ondown>
				<pagecontrol>61</pagecontrol>
			</control>
			<control type="textbox" id="6">
				<description>description area</description>
				<left>522</left>
				<top>754</top>
				<width>1190</width>
				<height>120</height>
				<font>font15_textbox</font>
				<autoscroll time="3000" delay="4000" repeat="5000">true</autoscroll>
				<animation effect="fade" start="0" end="100" time="300" tween="sine" easing="inout">Visible</animation>
				<animation effect="fade" start="100" end="0" time="0" tween="sine" easing="inout">Hidden</animation>
				<visible>ControlGroup(5).HasFocus()</visible>
			</control>
			<control type="grouplist" id="5">
				<description>control area</description>
				<left>522</left>
				<top>10</top>
				<width>1190</width>
				<height>720</height>
				<pagecontrol>60</pagecontrol>
				<onleft>3</onleft>
				<onright>60</onright>
				<onup>5</onup>
				<ondown>5</ondown>
			</control>
			<control type="image">
				<left>20</left>
				<top>740</top>
				<width>400</width>
				<height>160</height>
				<texture>65.png</texture>
			</control>
			<control type="image">
				<description>LOGO</description>
				<left>20</left>
				<top>740</top>
				<width>400</width>
				<height>160</height>
				<aspectratio>keep</aspectratio>
				<texture>logo.png</texture>
			</control>
		</control>
		<control type="button" id="10">
			<description>Default Category Button</description>
			<height>90</height>
			<width>420</width>
			<textoffsetx>15</textoffsetx>
			<align>right</align>
			<font>font15</font>
		</control>
		<control type="button" id="7">
			<description>Default Button</description>
			<left>522</left>
			<width>1136</width>
			<height>90</height>
			<font>font15</font>
			<textoffsetx>30</textoffsetx>
		</control>
		<control type="radiobutton" id="8">
			<description>Default RadioButton</description>
			<width>1316</width>
			<height>90</height>
			<font>font15</font>
			<textoffsetx>30</textoffsetx>
			<focusedcolor>white</focusedcolor>
		</control>
		<control type="spincontrolex" id="9">
			<description>Default SpinControlex</description>
			<width>1316</width>
			<height>90</height>
			<font>font15</font>
			<textoffsetx>30</textoffsetx>
			<reverse>true</reverse>
			<spinposx>10</spinposx>
		</control>
		<control type="sliderex" id="13">
			<description>Default Slider</description>
			<width>1316</width>
			<height>90</height>
			<font>font15</font>
			<textoffsetx>30</textoffsetx>
		</control>
		<control type="image" id="11">
			<description>separator image</description>
			<height>2</height>
			<texture border="0,0,0,2">separator2.png</texture>
			<visible>no</visible>
		</control>
		<control type="label" id="2">
			<description>Fake Label so we can pass it value down to the one below</description>
			<width>0</width>
			<height>0</height>
			<font />
			<visible>false</visible>
		</control>
		<include>Topbar</include>
		<control type="group">
			<left>-440</left>
		</control>
	</controls>
</window>