<?xml version="1.0" encoding="UTF-8"?>
<window>
	<defaultcontrol always="true">2</defaultcontrol>
	<allowoverlay>no</allowoverlay>
	<onload>SetProperty(Window.HasSettings,True,home)</onload>
	<onload>ClearProperty(MediaMenu,Home)</onload>
	<onunload>ClearProperty(Window.HasSettings,Home)</onunload>
	<controls>
		<include content="CommonBackground">
			<param name="windowOpen" value="!Window.Previous(settings)" />
			<param name="windowClose" value="!Window.Next(settings)" />
		</include>
		<include>slideleft</include>
		<include>Topbar</include>
		<control type="group">
			<top>130</top>
			<left>100</left>
			<width>1720</width>
			<height>930</height>
			<include content="WindowOpenCloseAnimation">
				<param name="windowOpen" value="!Window.Previous(settings)" />
				<param name="windowClose" value="!Window.Next(settings)" />
			</include>
			<include>SettingsBG</include>
			<control type="panel" id="2">
				<left>10</left>
				<top>10</top>
				<width>425</width>
				<height>720</height>
				<onleft>61</onleft>
				<onright>9001</onright>
				<onup>2</onup>
				<ondown>2</ondown>
				<pagecontrol>61</pagecontrol>
				<scrolltime tween="quadratic" easing="out">200</scrolltime>
				<itemlayout height="90" width="420">
					<control type="image">
						<width>420</width>
						<height>90</height>
						<texture border="5">button.png</texture>
					</control>
					<control type="label">
						<width>420</width>
						<height>90</height>
						<font>font15</font>
						<align>right</align>
						<label>$INFO[ListItem.Label]</label>
						<textoffsetx>25</textoffsetx>
					</control>
				</itemlayout>
				<focusedlayout height="90" width="420">
					<control type="group">
						<control type="image">
							<width>420</width>
							<height>90</height>
							<texture border="5">buttonfo.png</texture>
						</control>
						<control type="label">
							<width>420</width>
							<height>90</height>
							<font>font15</font>
							<align>right</align>
							<textoffsetx>25</textoffsetx>
							<label>$INFO[ListItem.Label]</label>
						</control>
						<include>ListZoom</include>
					</control>
				</focusedlayout>
			</control>
			<control type="scrollbar" id="61">
				<left>68</left>
				<top>32</top>
				<width>8</width>
				<height>720</height>
				<onleft>SetProperty(MediaMenu,True,home)</onleft>
				<onleft>SetFocus(9050)</onleft>
				<onright>2</onright>
				<ondown>61</ondown>
				<onup>61</onup>
				<showonepage>false</showonepage>
				<texturesliderbackground />
				<texturesliderbar colordiffuse="55ffffff" border="1">scrollbar/texturesliderbar2.png</texturesliderbar>
				<texturesliderbarfocus border="1">scrollbar/texturesliderbar2.png</texturesliderbarfocus>
			</control>
			<control type="image">
				<left>20</left>
				<top>740</top>
				<width>400</width>
				<height>160</height>
				<texture>65.png</texture>
			</control>
			<control type="image">
				<description>LOGO</description>
				<left>20</left>
				<top>740</top>
				<width>400</width>
				<height>160</height>
				<aspectratio>keep</aspectratio>
				<texture>logo.png</texture>
			</control>
			<control type="grouplist" id="9001">
				<description>control area</description>
				<left>522</left>
				<top>10</top>
				<width>1190</width>
				<height>720</height>
				<pagecontrol />
				<onleft>2</onleft>
				<onright>2</onright>
				<onup>9001</onup>
				<ondown>9001</ondown>
				<control type="radiobutton" id="4">
					<description>Enable Login screen</description>
					<label>20096</label>
					<width>1136</width>
					<height>90</height>
					<font>font15</font>
					<textoffsetx>30</textoffsetx>
				</control>
				<control type="button" id="5">
					<description>Auto Login</description>
					<label>$LOCALIZE[33084]</label>
					<label2>$INFO[System.ProfileAutoLogin, [COLOR labelheader],[/COLOR]]</label2>
					<width>1136</width>
					<height>90</height>
					<font>font15</font>
					<textoffsetx>30</textoffsetx>
					<enable>!System.HasLoginScreen</enable>
				</control>
			</control>
			<control type="image">
				<description>separator image</description>
				<left>522</left>
				<top>692</top>
				<width>1136</width>
				<height>60</height>
				<texture border="1">separator2.png</texture>
			</control>
			<control type="group">
				<left>522</left>
				<top>751</top>
				<control type="image">
					<width>120</width>
					<height>120</height>
					<aspectratio align="left">keep</aspectratio>
					<bordersize>1,1,2,1</bordersize>
					<texture fallback="unknown-user.png">$INFO[Container(2).Listitem.Icon]</texture>
				</control>
				<control type="label">
					<left>120</left>
					<top>10</top>
					<width>1181</width>
					<height>115</height>
					<aligny>top</aligny>
					<textcolor>labelheader</textcolor>
					<wrapmultiline>true</wrapmultiline>
					<textoffsetx>15</textoffsetx>
					<font>font15_title</font>
					<label>$INFO[Container(2).ListItem.Label]</label>
				</control>
				<control type="label">
					<left>120</left>
					<top>60</top>
					<width>1181</width>
					<height>60</height>
					<textcolor>grey2</textcolor>
					<wrapmultiline>true</wrapmultiline>
					<textoffsetx>15</textoffsetx>
					<font>font15_title</font>
					<label>$INFO[Container(2).ListItem.Label2,$LOCALIZE[31320]: ]</label>
				</control>
			</control>
		</control>
		<control type="group">
			<left>-440</left>
		</control>		
	</controls>
</window>