<?xml version="1.0" encoding="UTF-8"?>
<includes>
	<!-- List Label Vars -->

	<variable name="RatingAndVotesVar">
		<value condition="String.IsEmpty(ListItem.Votes)">$LOCALIZE[563]</value>
		<value>$INFO[ListItem.Votes,, $LOCALIZE[205]]</value>
	</variable>

	<variable name="DurationVar">
		<value condition="Container.Content(tvshows) + !String.IsEmpty(Window(Home).Property(NextAired.Runtime))">$INFO[Window(Home).Property(NextAired.Runtime)]</value>
		<value condition="!String.IsEmpty(ListItem.Duration)">$INFO[ListItem.Duration]</value>
		<value>?</value>
	</variable>

	<variable name="OneOrMoreSeasonsVar">
		<value condition="String.IsEqual(ListItem.Property(TotalSeasons),1)">$LOCALIZE[20373]</value>
		<value>$LOCALIZE[33054]</value>
	</variable>

	<variable name="OneOrMoreEpisodesVar">
		<value condition="String.IsEqual(ListItem.Property(TotalEpisodes),1)">$LOCALIZE[20359]</value>
		<value>$LOCALIZE[20360]</value>
	</variable>
	
	<variable name="SourceFlagVar">
		<value condition="[String.Contains(ListItem.filename,PDTV) | String.Contains(ListItem.filename,sdtv) | String.Contains(ListItem.filename,sd tv)]">sdtv</value>
		<value condition="[String.Contains(ListItem.Filename,hdtv) | String.Contains(ListItem.Filename,hd tv)]">hdtv</value>
		<value condition="[String.Contains(ListItem.Filename,hddvd) | String.Contains(ListItem.Filename,hd-dvd)]">hddvd</value>
		<value condition="ListItem.IsStereoscopic">bluray3d</value>
		<value condition="[String.Contains(ListItem.Filename,bluray) | String.Contains(ListItem.Filename,blu-ray) | String.Contains(ListItem.Filename,bdrip) | String.Contains(ListItem.Filename,brrip)]">bluray</value>
		<value condition="String.Contains(ListItem.Filename,dvb)">dvb</value>
		<value condition="String.Contains(ListItem.Filename,web-dl)">web-dl</value>
		<value condition="String.Contains(ListItem.Filename,dvd) | String.IsEqual(ListItem.FileExtension,iso) | String.IsEqual(ListItem.FileExtension,ifo)">dvd</value>
		<value>$INFO[ListItem.VideoCodec]</value>
	</variable>

	<variable name="VideoSourceFlagVar">
		<value condition="[String.Contains(Player.Filenameandpath,PDTV) | String.Contains(Player.Filenameandpath,sdtv)]">sdtv</value>
		<value condition="String.Contains(Player.Filenameandpath,hdtv)">hdtv</value>
		<value condition="[String.Contains(Player.Filenameandpath,hddvd) | String.Contains(Player.Filenameandpath,hd-dvd)]">hddvd</value>
		<value condition="VideoPlayer.IsStereoscopic">bluray3d</value>
		<value condition="[String.Contains(Player.Filenameandpath,bluray) | String.Contains(Player.Filenameandpath,blu-ray) | String.Contains(Player.Filenameandpath,bdrip) | String.Contains(Player.Filenameandpath,brrip)]">bluray</value>
		<value condition="String.Contains(Player.Filenameandpath,dvb)">dvb</value>
		<value condition="String.Contains(Player.Filenameandpath,web-dl)">web-dl</value>
		<value condition="String.Contains(Player.Filenameandpath,dvd) | String.EndsWith(Player.Filenameandpath,.iso) | String.EndsWith(Player.Filenameandpath,.ifo)">dvd</value>
		<value>$INFO[VideoPlayer.VideoCodec]</value>
	</variable>
	<!-- InfoPanel -->

	<variable name="SeekLabelVar">
		<value condition="Player.IsTempo">$INFO[Player.Playspeed,$LOCALIZE[224]:[COLOR=themecolor] ,[/COLOR]]</value>
		<value condition="[Player.Playing | [Player.Paused + !Player.Caching] | Player.ShowTime]+ !Player.Seeking">$INFO[System.Time]$INFO[player.FinishTime, [,]]</value>
		<value condition="!String.IsEmpty(Player.SeekStepSize)">$INFO[Player.SeekStepSize,$LOCALIZE[31046][COLOR=themecolor] ,[/COLOR]]</value>
		<value condition="!String.IsEmpty(Player.SeekOffset)">$INFO[Player.SeekOffset,$LOCALIZE[31046][COLOR=themecolor] ,[/COLOR]]</value>
		<value condition="Player.Caching + !Player.Seeking">$INFO[Player.CacheLevel,$LOCALIZE[15107] ,%]</value>
	</variable>

	<variable name="OSDRightLabelVar">
		<value condition="Player.ShowTime + !VideoPlayer.Content(livetv)">$INFO[Player.Time]$INFO[Player.TimeRemaining, / ]</value>
		<value condition="!VideoPlayer.Content(livetv)">$INFO[Player.Time]$INFO[Player.Duration, / ]</value>
		<value condition="VideoPlayer.Content(livetv)">$INFO[VideoPlayer.NextTitle,$LOCALIZE[19031]: ]</value>
	</variable>

	<variable name="VideoPlayerForwardRewindVar">
		<value condition="Player.Forwarding2x | Player.Rewinding2x">2x</value>
		<value condition="Player.Forwarding4x | Player.Rewinding4x">4x</value>
		<value condition="Player.Forwarding8x | Player.Rewinding8x">8x</value>
		<value condition="Player.Forwarding16x | Player.Rewinding16x">16x</value>
		<value condition="Player.Forwarding32x | Player.Rewinding32x">32x</value>
	</variable>

	<variable name="PlayerArtworkVar">
		<value condition="VideoPlayer.Content(episodes) + !String.IsEmpty(Player.Art(tvshow.clearart))">$INFO[Player.Art(tvshow.clearart)]</value>
		<value condition="VideoPlayer.Content(episodes)">$INFO[Player.Art(tvshow.clearlogo)]</value>
		<value condition="!String.IsEmpty(Player.Art(clearart))">$INFO[Player.Art(clearart)]</value>
		<value>$INFO[Player.Art(clearlogo)]</value>
	</variable>

	<variable name="PlayerTitleLabelVar">
		<value condition="Player.ChapterCount">$INFO[Player.Title]$INFO[player.chapter, • $LOCALIZE[21396] ]$INFO[player.chaptercount, / ,]</value>
		<value>$INFO[Player.Title]</value>
	</variable>


	<variable name="RatingFlagVar">
		<value condition="String.Contains(ListItem.mpaa,US:G) | String.Contains(ListItem.mpaa,USA:G) | String.Contains(ListItem.mpaa,Rated G)">flags/mpaa/G.png</value>
		<value condition="String.Contains(ListItem.mpaa,PG-13)">flags/mpaa/PG-13.png</value>
		<value condition="String.Contains(ListItem.mpaa,Rated PG) | String.IsEqual(ListItem.Mpaa,PG)">flags/mpaa/PG.png</value>
		<value condition="String.Contains(ListItem.mpaa,US:R) | String.Contains(ListItem.mpaa,USA:R) | String.Contains(ListItem.mpaa,Rated R) | String.IsEqual(ListItem.mpaa,R)">flags/mpaa/R.png</value>
		<value condition="String.Contains(ListItem.mpaa,US:NC-17)| String.Contains(ListItem.mpaa,USA:NC-17)| String.Contains(ListItem.mpaa,Rated NC-17)">flags/mpaa/NC-17.png</value>
		<value condition="String.Contains(ListItem.mpaa,UK:U)">flags/mpaa/BBFC_U_Certificate_UK.png</value>
		<value condition="String.Contains(ListItem.mpaa,UK:PG)">flags/mpaa/BBFC_PG_Certificate_UK.png</value>
		<value condition="String.Contains(ListItem.mpaa,UK:12A)">flags/mpaa/BBFC_12A_Certificate_UK.png</value>
		<value condition="String.Contains(ListItem.mpaa,UK:12)">flags/mpaa/BBFC_12_Certificate_UK.png</value>
		<value condition="String.Contains(ListItem.mpaa,UK:15)">flags/mpaa/BBFC_15_Certificate_UK.png</value>
		<value condition="String.Contains(ListItem.mpaa,UK:18)">flags/mpaa/BBFC_18_Certificate_UK.png</value>
		<value condition="String.Contains(ListItem.mpaa,Germany:0) | String.Contains(ListItem.mpaa,ab 0) | String.IsEqual(ListItem.mpaa,0) | String.Contains(ListItem.mpaa,FSK 0) | String.Contains(ListItem.mpaa,Rated 0)">flags/mpaa/FSK-0.png</value>
		<value condition="String.Contains(ListItem.mpaa,Germany:16) | String.Contains(ListItem.mpaa,ab 16) | String.IsEqual(ListItem.mpaa,16) | String.Contains(ListItem.mpaa,FSK 16) | String.Contains(ListItem.mpaa,Rated 16)">flags/mpaa/FSK-16.png</value>
		<value condition="String.Contains(ListItem.mpaa,Germany:6)| String.Contains(ListItem.mpaa,ab 6) | String.IsEqual(ListItem.mpaa,6) | String.Contains(ListItem.mpaa,Rated 6)">flags/mpaa/FSK-6.png</value>
		<value condition="String.Contains(ListItem.mpaa,Germany:12) | String.Contains(ListItem.mpaa,ab 12) | String.IsEqual(ListItem.mpaa,12) | String.Contains(ListItem.mpaa,FSK 12) | String.Contains(ListItem.mpaa,Rated 12)">flags/mpaa/FSK-12.png</value>
		<value condition="String.Contains(ListItem.mpaa,Germany:18) | String.Contains(ListItem.mpaa,ab 18) | String.IsEqual(ListItem.mpaa,18) | String.Contains(ListItem.mpaa,FSK 18) | String.Contains(ListItem.mpaa,Rated 18)">flags/mpaa/FSK-18.png</value>
		<value condition="String.Contains(ListItem.mpaa,besorolás alatt)">flags/mpaa/HU_BA.png</value>
		<value condition="String.Contains(ListItem.mpaa,korhatárra való tekintett nélkül megtekintetheto)">flags/mpaa/HU_KN.png</value>
		<value condition="String.Contains(ListItem.mpaa,12 éven aluliak számára a megtekintése nagykorú felügyelete mellett ajánlott)">flags/mpaa/HU_12.png</value>
		<value condition="String.Contains(ListItem.mpaa,16 éven aluliak számára nem ajánlott)">flags/mpaa/HU_16.png</value>
		<value condition="String.Contains(ListItem.mpaa,18 éven aluliak számára nem ajánlott)">flags/mpaa/HU_18.png</value>
		<value condition="String.Contains(ListItem.mpaa,France:U) | String.Contains(ListItem.mpaa,Tout public) | String.Contains(ListItem.mpaa,Tous publics)">flags/mpaa/csaU.png</value>
		<value condition="String.Contains(ListItem.mpaa,France:10) | String.Contains(ListItem.mpaa,Interdit aux moins de 10 ans) | String.Contains(ListItem.mpaa,des propos ou des images peuvent heurter)">flags/mpaa/csa10.png</value>
		<value condition="String.Contains(ListItem.mpaa,France:12) | String.Contains(ListItem.mpaa,Interdit aux moins de 12 ans)">flags/mpaa/csa12.png</value>
		<value condition="String.Contains(ListItem.mpaa,France:16) | String.Contains(ListItem.mpaa,Interdit aux moins de 16 ans)">flags/mpaa/csa16.png</value>
		<value condition="String.Contains(ListItem.mpaa,France:18) | String.Contains(ListItem.mpaa,Interdit aux moins de 18 ans)">flags/mpaa/csa18.png</value>
		<value condition="String.Contains(ListItem.mpaa,전체)">flags/mpaa/KR_Certificate_All.png</value>
		<value condition="String.Contains(ListItem.mpaa,12세)">flags/mpaa/KR_Certificate_12.png</value>
		<value condition="String.Contains(ListItem.mpaa,15세)">flags/mpaa/KR_Certificate_15.png</value>
		<value condition="String.Contains(ListItem.mpaa,불가)">flags/mpaa/KR_Certificate_18.png</value>
		<value condition="String.Contains(ListItem.mpaa,제한)">flags/mpaa/KR_Certificate_R.png</value>
		<value condition="String.Contains(ListItem.mpaa,Brazil:Livre) | String.Contains(ListItem.mpaa,Livre)">flags/mpaa/MPAA_Brazil_Livre.png</value>
		<value condition="String.Contains(ListItem.mpaa,Brazil:10) | String.Contains(ListItem.mpaa,10 anos)">flags/mpaa/MPAA_Brazil_10.png</value>
		<value condition="String.Contains(ListItem.mpaa,Brazil:12) | String.Contains(ListItem.mpaa,12 anos)">flags/mpaa/MPAA_Brazil_12.png</value>
		<value condition="String.Contains(ListItem.mpaa,Brazil:14) | String.Contains(ListItem.mpaa,14 anos)">flags/mpaa/MPAA_Brazil_14.png</value>
		<value condition="String.Contains(ListItem.mpaa,Brazil:16) | String.Contains(ListItem.mpaa,16 anos)">flags/mpaa/MPAA_Brazil_16.png</value>
		<value condition="String.Contains(ListItem.mpaa,Brazil:18) | String.Contains(ListItem.mpaa,18 anos)">flags/mpaa/MPAA_Brazil_18.png</value>
		<value condition="String.Contains(ListItem.mpaa,Australia:)">$INFO[ListItem.MPAA,flags/mpaa/australia_,.png]</value>
		<value>$INFO[ListItem.MPAA,flags/mpaa/,.png]</value>
	</variable>

	<variable name="VideoRatingFlagVar">
		<value condition="String.Contains(VideoPlayer.mpaa,US:G) | String.Contains(VideoPlayer.mpaa,USA:G) | String.Contains(VideoPlayer.mpaa,Rated G)">flags/mpaa/G.png</value>
		<value condition="String.Contains(VideoPlayer.mpaa,PG-13)">flags/mpaa/PG-13.png</value>
		<value condition="String.Contains(VideoPlayer.mpaa,Rated PG) | String.IsEqual(VideoPlayer.Mpaa,PG)">flags/mpaa/PG.png</value>
		<value condition="String.Contains(VideoPlayer.mpaa,US:R) | String.Contains(VideoPlayer.mpaa,USA:R) | String.Contains(VideoPlayer.mpaa,Rated R) | String.IsEqual(VideoPlayer.mpaa,R)">flags/mpaa/R.png</value>
		<value condition="String.Contains(VideoPlayer.mpaa,US:NC-17)| String.Contains(VideoPlayer.mpaa,USA:NC-17)| String.Contains(VideoPlayer.mpaa,Rated NC-17)">flags/mpaa/NC-17.png</value>
		<value condition="String.Contains(VideoPlayer.mpaa,UK:U)">flags/mpaa/BBFC_U_Certificate_UK.png</value>
		<value condition="String.Contains(VideoPlayer.mpaa,UK:PG)">flags/mpaa/BBFC_PG_Certificate_UK.png</value>
		<value condition="String.Contains(VideoPlayer.mpaa,UK:12A)">flags/mpaa/BBFC_12A_Certificate_UK.png</value>
		<value condition="String.Contains(VideoPlayer.mpaa,UK:12)">flags/mpaa/BBFC_12_Certificate_UK.png</value>
		<value condition="String.Contains(VideoPlayer.mpaa,UK:15)">flags/mpaa/BBFC_15_Certificate_UK.png</value>
		<value condition="String.Contains(VideoPlayer.mpaa,UK:18)">flags/mpaa/BBFC_18_Certificate_UK.png</value>
		<value condition="String.Contains(VideoPlayer.mpaa,Germany:16) | String.Contains(VideoPlayer.mpaa,ab 16) | String.IsEqual(VideoPlayer.mpaa,16) | String.Contains(VideoPlayer.mpaa,FSK 16) | String.Contains(VideoPlayer.mpaa,Rated 16)">flags/mpaa/FSK-16.png</value>
		<value condition="String.Contains(VideoPlayer.mpaa,Germany:6)| String.Contains(VideoPlayer.mpaa,ab 6) | String.IsEqual(VideoPlayer.mpaa,6) | String.Contains(VideoPlayer.mpaa,FSK 16) | String.Contains(VideoPlayer.mpaa,Rated 6)">flags/mpaa/FSK-6.png</value>
		<value condition="String.Contains(VideoPlayer.mpaa,Germany:12) | String.Contains(VideoPlayer.mpaa,ab 12) | String.IsEqual(VideoPlayer.mpaa,12) | String.Contains(VideoPlayer.mpaa,FSK 12) | String.Contains(VideoPlayer.mpaa,Rated 12)">flags/mpaa/FSK-12.png</value>
		<value condition="String.Contains(VideoPlayer.mpaa,Germany:18) | String.Contains(VideoPlayer.mpaa,ab 18) | String.IsEqual(VideoPlayer.mpaa,18) | String.Contains(VideoPlayer.mpaa,FSK 18) | String.Contains(VideoPlayer.mpaa,Rated 18)">flags/mpaa/FSK-18.png</value>
		<value condition="String.Contains(VideoPlayer.mpaa,Germany)|String.Contains(VideoPlayer.mpaa,FSK)| String.Contains(VideoPlayer.mpaa,o.A)| String.Contains(VideoPlayer.mpaa,Rated 0)">flags/mpaa/FSK-0</value>
		<value condition="String.Contains(VideoPlayer.mpaa,besorolás alatt)">flags/mpaa/HU_BA.png</value>
		<value condition="String.Contains(VideoPlayer.mpaa,korhatárra való tekintett nélkül megtekintetheto)">flags/mpaa/HU_KN.png</value>
		<value condition="String.Contains(VideoPlayer.mpaa,12 éven aluliak számára a megtekintése nagykorú felügyelete mellett ajánlott)">flags/mpaa/HU_12.png</value>
		<value condition="String.Contains(VideoPlayer.mpaa,16 éven aluliak számára nem ajánlott)">flags/mpaa/HU_16.png</value>
		<value condition="String.Contains(VideoPlayer.mpaa,18 éven aluliak számára nem ajánlott)">flags/mpaa/HU_18.png</value>
		<value condition="String.Contains(VideoPlayer.mpaa,France:U) | String.Contains(VideoPlayer.mpaa,Tout public) | String.Contains(VideoPlayer.mpaa,Tous publics)">flags/mpaa/csaU.png</value>
		<value condition="String.Contains(VideoPlayer.mpaa,France:10) | String.Contains(VideoPlayer.mpaa,Interdit aux moins de 10 ans) | String.Contains(VideoPlayer.mpaa,des propos ou des images peuvent heurter)">flags/mpaa/csa10.png</value>
		<value condition="String.Contains(VideoPlayer.mpaa,France:12) | String.Contains(VideoPlayer.mpaa,Interdit aux moins de 12 ans)">flags/mpaa/csa12.png</value>
		<value condition="String.Contains(VideoPlayer.mpaa,France:16) | String.Contains(VideoPlayer.mpaa,Interdit aux moins de 16 ans)">flags/mpaa/csa16.png</value>
		<value condition="String.Contains(VideoPlayer.mpaa,France:18) | String.Contains(VideoPlayer.mpaa,Interdit aux moins de 18 ans)">flags/mpaa/csa18.png</value>
		<value condition="String.Contains(VideoPlayer.mpaa,전체)">flags/mpaa/KR_Certificate_All.png</value>
		<value condition="String.Contains(VideoPlayer.mpaa,12세)">flags/mpaa/KR_Certificate_12.png</value>
		<value condition="String.Contains(VideoPlayer.mpaa,15세)">flags/mpaa/KR_Certificate_15.png</value>
		<value condition="String.Contains(VideoPlayer.mpaa,불가)">flags/mpaa/KR_Certificate_18.png</value>
		<value condition="String.Contains(VideoPlayer.mpaa,제한)">flags/mpaa/KR_Certificate_R.png</value>
		<value condition="String.Contains(VideoPlayer.mpaa,Brazil:Livre) | String.Contains(VideoPlayer.mpaa,Livre)">flags/mpaa/MPAA_Brazil_Livre.png</value>
		<value condition="String.Contains(VideoPlayer.mpaa,Brazil:10) | String.Contains(VideoPlayer.mpaa,10 anos)">flags/mpaa/MPAA_Brazil_10.png</value>
		<value condition="String.Contains(VideoPlayer.mpaa,Brazil:12) | String.Contains(VideoPlayer.mpaa,12 anos)">flags/mpaa/MPAA_Brazil_12.png</value>
		<value condition="String.Contains(VideoPlayer.mpaa,Brazil:14) | String.Contains(VideoPlayer.mpaa,14 anos)">flags/mpaa/MPAA_Brazil_14.png</value>
		<value condition="String.Contains(VideoPlayer.mpaa,Brazil:16) | String.Contains(VideoPlayer.mpaa,16 anos)">flags/mpaa/MPAA_Brazil_16.png</value>
		<value condition="String.Contains(VideoPlayer.mpaa,Brazil:18) | String.Contains(VideoPlayer.mpaa,18 anos)">flags/mpaa/MPAA_Brazil_18.png</value>
		<value>$INFO[VideoPlayer.MPAA,flags/mpaa/,.png]</value>
	</variable>

	<variable name="VideoSubLabelVar">
		<value>$INFO[ListItem.RatingAndVotes,, • ]$INFO[ListItem.Duration,, $LOCALIZE[31162]]</value>
	</variable>

	<variable name="AudioChannelVar">
		<value condition="Integer.IsGreater(VideoPlayer.AudioChannels,7)">7.1</value>
		<value condition="Integer.IsGreater(VideoPlayer.AudioChannels,6)">6.1</value>
		<value condition="Integer.IsGreater(VideoPlayer.AudioChannels,5)">5.1</value>
		<value condition="Integer.IsGreater(VideoPlayer.AudioChannels,4)">5.0</value>
		<value condition="Integer.IsGreater(VideoPlayer.AudioChannels,3)">4.0</value>
		<value condition="Integer.IsGreater(VideoPlayer.AudioChannels,2)">2.1</value>
		<value condition="Integer.IsGreater(VideoPlayer.AudioChannels,1)">2.0</value>
		<value condition="Integer.IsGreater(VideoPlayer.AudioChannels,0)">1.0</value>
	</variable>
	<!--
	     Studio flags
	 -->
	<variable name="StudioFlagColorVar">
		<value condition="[String.IsEmpty(Skin.String(StudioLogos.path)) | String.IsEqual(Skin.String(StudioLogos.path),resource://resource.images.studios.white/)] + Window.IsActive(fullscreeninfo)">grey2</value>
		<value condition="[String.IsEmpty(Skin.String(StudioLogos.path)) | String.IsEqual(Skin.String(StudioLogos.path),resource://resource.images.studios.white/)]">grey</value>
		<value>white</value>
	</variable>

	<variable name="StudioFlagPathVar">
		<value condition="!String.IsEmpty(Skin.String(StudioLogos.path))">$INFO[Skin.String(StudioLogos.path)]</value>
		<value>resource://resource.images.studios.white/</value>
	</variable>

	<variable name="StudioIconVar">
		<value condition="!String.IsEmpty(ListItem.Studio)">$INFO[ListItem.Studio,resource://resource.images.studios.white/,.png]</value>
		<value condition="!String.StartsWith(ListItem.Icon,Default)">$INFO[ListItem.Icon]</value>
		<value>$INFO[ListItem.Icon,views/list/]</value>
	</variable>
	<!--
	     DialogVideoInfo
	 -->
	<variable name="VideoInfoDetailsLabelVar">
		<value condition="Control.HasFocus(900171)">$LOCALIZE[207] - $LOCALIZE[31175]</value>
		<value condition="ControlGroup(9001).HasFocus(50)">$LOCALIZE[206]$INFO[Container(50).NumItems, [COLOR grey3](,)[/COLOR]]</value>
		<value condition="ControlGroup(9001).HasFocus(90019)">$ADDON[script.extendedinfo 32041]$INFO[Container(90019).NumItems, [COLOR grey3](,)[/COLOR]]</value>
		<value condition="ControlGroup(9001).HasFocus(90020)">$ADDON[script.extendedinfo 32040]$INFO[Container(90020).NumItems, [COLOR grey3](,)[/COLOR]]</value>
		<value condition="ControlGroup(9001).HasFocus(90021)">$ADDON[script.extendedinfo 32038]$INFO[Container(90021).NumItems, [COLOR grey3](,)[/COLOR]]</value>
		<value condition="ControlGroup(9001).HasFocus(90022)">$ADDON[script.extendedinfo 32039]$INFO[Container(90022).NumItems, [COLOR grey3](,)[/COLOR]]</value>
		<value condition="ControlGroup(9001).HasFocus(90011)">$LOCALIZE[31111]$INFO[Container(90011).NumItems, [COLOR grey3](,)[/COLOR]]</value>
		<value condition="ControlGroup(9001).HasFocus(90012)">$INFO[ListItem.Director,$LOCALIZE[31112] ]$INFO[Container(90012).NumItems, [COLOR grey3](,)[/COLOR]]</value>
		<value condition="ControlGroup(9001).HasFocus(90013)">$INFO[ListItem.Writer,$LOCALIZE[31113] ]$INFO[Container(90013).NumItems, [COLOR grey3](,)[/COLOR]]</value>
		<value condition="ControlGroup(9001).HasFocus(90014)">$INFO[ListItem.Studio,$LOCALIZE[31114] ]$INFO[Container(90014).NumItems, [COLOR grey3](,)[/COLOR]]</value>
		<value condition="ControlGroup(9001).HasFocus(90015)">$LOCALIZE[31115]$INFO[Container(90015).NumItems, [COLOR grey3](,)[/COLOR]]</value>
		<value condition="ControlGroup(9001).HasFocus(90016)">$LOCALIZE[33054]$INFO[Container(90016).NumItems, [COLOR grey3](,)[/COLOR]]</value>
		<value condition="ControlGroup(9001).HasFocus(90018)">$INFO[ListItem.Set]$INFO[Container(90018).NumItems, [COLOR grey3](,)[/COLOR]]</value>
	</variable>
	<!--
	     DialogMusicInfo
	 -->
	<variable name="MusicInfoHeader">
		<value condition="Container.Content(Artists)">$LOCALIZE[21891]</value>
		<value condition="Container.Content(Albums)">$LOCALIZE[10523]</value>
		<value condition="Container.Content(Songs)">$LOCALIZE[658]</value>
	</variable>
	<!--
	     Select dialog
	 -->
	<variable name="DialogSelectLabel2Var">
		<value condition="String.IsEqual(Control.GetLabel(1),$LOCALIZE[25006])">$INFO[ListItem.Duration,, [LOWERCASE]$LOCALIZE[12391][/LOWERCASE]]</value>
		<value>$INFO[ListItem.AddonVersion]</value>
	</variable>

	<variable name="SimilarShowsIDVar">
		<value condition="String.IsEqual(ListItem.DBType,episode)">name=$INFO[ListItem.TvShowTitle]</value>
		<value>dbid=$INFO[ListItem.DBID]</value>
	</variable>
</includes>