<?xml version="1.0" encoding="UTF-8"?>
<includes>
	<include name="View_52_Landscape">
		<control type="group">
			<visible>Control.IsVisible(52) + !container.content(addons)</visible>
			<control type="group">
				<left>75</left>
				<top>120</top>
				<width>1070</width>
				<height>930</height>
				<include>WindowOpenCloseAnimation</include>
				<include>VisibleFadeAnimation</include>
				<control type="image">
					<description>background image</description>
					<width>100%</width>
					<height>100%</height>
					<texture border="40">65.png</texture>
				</control>
				<control type="panel" id="52">
					<left>10</left>
					<top>10</top>
					<width>1050</width>
					<height>904</height>
					<onleft>SetProperty(MediaMenu,True,home)</onleft>
					<onleft>SetFocus(9050)</onleft>
					<onright>60</onright>
					<onup>50</onup>
					<ondown>50</ondown>
					<viewtype label="Episodes">list</viewtype>
					<pagecontrol>60</pagecontrol>
					<scrolltime tween="quadratic" easing="out">200</scrolltime>
					<include>WindowSlide</include>

					<itemlayout height="150" width="1050" condition="Container.Content(episodes)">
						<control type="image">
							<width>1050</width>
							<height>150</height>
							<texture border="25" diffuse="png">list.png</texture>
						</control>
						<control type="label">
							<left>25</left>
							<top>25</top>
							<width>1000</width>
							<font>font40</font>
							<textcolor>white</textcolor>
							<selectedcolor>selected</selectedcolor>
							<label>BACK</label>
							<visible>String.StartsWith(ListItem.Label,..)</visible>
						</control>
						<control type="label">
							<left>25</left>
							<top>25</top>
							<width>950</width>
							<font>font40</font>
							<textcolor>white</textcolor>
							<selectedcolor>selected</selectedcolor>
							<label>$INFO[ListItem.Label]</label>
							<animation effect="slide" start="0,0" end="0,25" time="0" condition="!String.EndsWith(Container.FolderName,$LOCALIZE[20387]) + String.IsEmpty(ListItem.Premiered)">Conditional</animation>
							<visible>!String.StartsWith(ListItem.Label,..)</visible>
						</control>
						<control type="image">
							<left>950</left>
							<top>28</top>
							<width>64</width>
							<height>64</height>
							<aspectratio>keep</aspectratio>
							<texture>$INFO[ListItem.Overlay]</texture>
						</control>
					</itemlayout>
					<focusedlayout height="150" width="1050" condition="Container.Content(episodes)">
						<control type="group">
							<animation effect="zoom" start="100" end="90" center="0,75" time="100">Focus</animation>
							<animation effect="zoom" start="90" end="100" center="0,75" time="200">UnFocus</animation>
							<control type="image">
								<width>1050</width>
								<height>150</height>
								<texture border="25">list.png</texture>
							</control>
							<control type="label">
								<left>25</left>
								<top>25</top>
								<width>1000</width>
								<font>font40</font>
								<textcolor>white</textcolor>
								<selectedcolor>selected</selectedcolor>
								<label>BACK</label>
							<visible>String.StartsWith(ListItem.Label,..)</visible>
							</control>
							<control type="label">
								<left>25</left>
								<top>25</top>
								<width>950</width>
								<font>font40</font>
								<textcolor>white</textcolor>
								<selectedcolor>selected</selectedcolor>
								<label>$INFO[ListItem.Label]</label>
								<animation effect="slide" start="0,0" end="0,25" time="0" condition="!String.EndsWith(Container.FolderName,$LOCALIZE[20387]) + String.IsEmpty(ListItem.Premiered)">Conditional</animation>
								<visible>!String.StartsWith(ListItem.Label,..)</visible>
							</control>
							<control type="image">
								<left>950</left>
								<top>28</top>
								<width>64</width>
								<height>64</height>
								<aspectratio>keep</aspectratio>
								<texture>$INFO[ListItem.Overlay]</texture>
							</control>
						</control>
						<control type="image">
							<width>1050</width>
							<height>150</height>
							<texture border="25">listfo.png</texture>
							<animation effect="zoom" start="100" end="90" center="0,75" time="100">Focus</animation>
							<animation effect="fade" time="0">UnFocus</animation>
						</control>
					</focusedlayout>

					<itemlayout height="120" width="1050" condition="!Container.Content(episodes)">
						<control type="image">
							<width>1050</width>
							<height>150</height>
							<texture border="25" diffuse="png">list.png</texture>
						</control>
						<control type="label">
							<left>25</left>
							<top>25</top>
							<width>1000</width>
							<font>font40</font>
							<textcolor>white</textcolor>
							<selectedcolor>selected</selectedcolor>
							<label>BACK</label>
							<visible>String.StartsWith(ListItem.Label,..)</visible>
						</control>
						<control type="label">
							<left>25</left>
							<top>25</top>
							<width>950</width>
							<font>font40</font>
							<textcolor>white</textcolor>
							<selectedcolor>selected</selectedcolor>
							<label>$INFO[ListItem.Label]</label>
							<animation effect="slide" start="0,0" end="0,25" time="0" condition="!String.EndsWith(Container.FolderName,$LOCALIZE[20387]) + String.IsEmpty(ListItem.Premiered)">Conditional</animation>
							<visible>!String.StartsWith(ListItem.Label,..)</visible>
						</control>
						<control type="image">
							<left>950</left>
							<top>28</top>
							<width>64</width>
							<height>64</height>
							<aspectratio>keep</aspectratio>
							<texture>$INFO[ListItem.Overlay]</texture>
						</control>
					</itemlayout>
					<focusedlayout height="120" width="1050" condition="!Container.Content(episodes)">
						<control type="group">
							<animation effect="zoom" start="100" end="90" center="0,75" time="100">Focus</animation>
							<animation effect="zoom" start="90" end="100" center="0,75" time="200">UnFocus</animation>
							<control type="image">
								<width>1050</width>
								<height>150</height>
								<texture border="25">list.png</texture>
							</control>
							<control type="label">
								<left>25</left>
								<top>25</top>
								<width>1000</width>
								<font>font40</font>
								<textcolor>white</textcolor>
								<selectedcolor>selected</selectedcolor>
								<label>BACK</label>
							<visible>String.StartsWith(ListItem.Label,..)</visible>
							</control>
							<control type="label">
								<left>25</left>
								<top>25</top>
								<width>950</width>
								<font>font40</font>
								<textcolor>white</textcolor>
								<selectedcolor>selected</selectedcolor>
								<label>$INFO[ListItem.Label]</label>
								<animation effect="slide" start="0,0" end="0,25" time="0" condition="!String.EndsWith(Container.FolderName,$LOCALIZE[20387]) + String.IsEmpty(ListItem.Premiered)">Conditional</animation>
								<visible>!String.StartsWith(ListItem.Label,..)</visible>
							</control>
							<control type="image">
								<left>950</left>
								<top>28</top>
								<width>64</width>
								<height>64</height>
								<aspectratio>keep</aspectratio>
								<texture>$INFO[ListItem.Overlay]</texture>
							</control>
						</control>
						<control type="image">
							<width>1050</width>
							<height>150</height>
							<texture border="25">listfo.png</texture>
							<animation effect="zoom" start="100" end="90" center="0,75" time="100">Focus</animation>
							<animation effect="fade" time="0">UnFocus</animation>
						</control>
					</focusedlayout>

				</control>
            </control>
		 </control>
	</include>
</includes>