<?xml version="1.0" encoding="UTF-8"?>
<includes>
	<!-- Video InfoWall -->
	<include name="VideoInfoWall">
		<control type="group">
			<visible>Control.IsVisible(51) + !Window.IsActive(addoninformation)</visible>
			<left>75</left>
			<top>120</top>
			<width>1045</width>
			<height>930</height>
			<include>WindowOpenCloseAnimation</include>
			<include>VisibleFadeAnimation</include>
			<control type="image">
				<description>background image</description>
				<width>100%</width>
				<height>100%</height>
				<texture border="40">65.png</texture>
			</control>
			<control type="panel" id="51">
				<left>10</left>
				<top>10</top>
				<width>1050</width>
				<height>900</height>
				<onup>51</onup>
				<ondown>51</ondown>
				<pagecontrol>60</pagecontrol>
				<preloaditems>2</preloaditems>
				<viewtype label="InfoWall">icon</viewtype>
				<visible>Container.Content(tvshows) | Container.Content(movies)</visible>
				<include>WindowSlide</include>
				<itemlayout height="300" width="205">
					<control type="image">
						<width>200</width>
						<height>300</height>
						<aspectratio>scale</aspectratio>
						<texture background="true">$INFO[ListItem.Art(poster)]</texture>
						<bordersize>7</bordersize>
					</control>
					<control type="image">
						<width>200</width>
						<height>300</height>
						<aspectratio>scale</aspectratio>
						<texture background="true">defaultfolderbackposter.png</texture>
						<visible>String.StartsWith(ListItem.Label,..)</visible>
						<bordersize>7</bordersize>
					</control>
					<control type="image">
						<width>200</width>
						<height>300</height>
						<texture>thumb_glass.png</texture>
						<bordersize>5</bordersize>
					</control>
				</itemlayout>
				<focusedlayout height="300" width="205">
					<control type="group">
						<control type="image">
							<width>200</width>
							<height>300</height>
							<aspectratio>scale</aspectratio>
							<texture background="true">$INFO[ListItem.Art(poster)]</texture>
							<bordersize>7</bordersize>
						</control>
						<control type="image">
							<width>200</width>
							<height>300</height>
							<aspectratio>scale</aspectratio>
							<texture background="true">defaultfolderbackposter.png</texture>
							<bordersize>7</bordersize>
							<visible>String.StartsWith(ListItem.Label,..)</visible>
						</control>
						<control type="image">
							<width>200</width>
							<height>300</height>
							<texture>thumb_glass.png</texture>
							<bordersize>5</bordersize>
						</control>
						<include>PanelZoom</include>
					</control>
				</focusedlayout>
			</control>
		</control>
		<control type="group">
			<right>50</right>
			<top>120</top>
			<width>680</width>
			<height>930</height>
			<include>WindowOpenCloseAnimation</include>
			<include>VisibleFadeAnimation</include>
			<visible>[Container.Content(tvshows) | Container.Content(movies) | Container.Content(episodes)]</visible>
			<control type="image">
				<description>background image</description>
				<width>100%</width>
				<height>100%</height>
				<texture border="40">65.png</texture>
			</control>
			<control type="image">
				<left>10</left>
				<top>10</top>
				<width>660</width>
				<height>380</height>
				<aspectratio>keep</aspectratio>
				<texture background="true">$INFO[ListItem.Art(fanart)]</texture>
				<bordersize>2</bordersize>
				<visible>!String.Contains(ListItem.Label,next page)</visible>
			</control>
			<control type="image">
				<left>10</left>
				<top>10</top>
				<width>660</width>
				<height>380</height>
				<aspectratio>keep</aspectratio>
				<texture background="true">DefaultFolderBackls.png</texture>
				<visible>String.Contains(ListItem.Label,..)</visible>
			</control>
			<control type="image">
				<left>10</left>
				<top>10</top>
				<width>660</width>
				<height>380</height>
				<aspectratio>keep</aspectratio>
				<texture background="true">next.png</texture>
				<visible>String.Contains(ListItem.Label,next)</visible>
			</control>
			<control type="label">
				<top>385</top>
				<width>660</width>
				<height>60</height>
				<font>font16_title</font>
				<textcolor>grey</textcolor>
				<scroll>true</scroll>
				<label>[B]$INFO[ListItem.Label][/B]</label>
				<textoffsetx>15</textoffsetx>
			</control>
			<control type="label">
				<top>385</top>
				<width>660</width>
				<height>60</height>
				<font>font16_title</font>
				<textcolor>grey</textcolor>
				<scroll>true</scroll>
				<label>[B]BACK[/B]</label>
				<textoffsetx>15</textoffsetx>
				<visible>String.StartsWith(ListItem.Icon,Default)</visible>
			</control>
			<control type="label">
				<top>440</top>
				<width>660</width>
				<height>40</height>
				<include>ShowCaseInfoPanelButtonsValues</include>
				<label>$INFO[ListItem.Genre]</label>
				<visible>!String.IsEmpty(ListItem.Genre)</visible>
			</control>
			<control type="label">
				<top>485</top>
				<width>660</width>
				<height>40</height>
				<label>$VAR[VideoSubLabelVar]</label>
				<include>ShowCaseInfoPanelButtonsValues</include>
			</control>
			<control type="textbox">
				<label>$INFO[ListItem.Plot]</label>
				<top>540</top>
				<left>20</left>
				<width>640</width>
				<height>370</height>
				<font>font33_textbox</font>
				<autoscroll time="3000" delay="2500" repeat="5000"></autoscroll>
				<pagecontrol>61</pagecontrol>
				<include>ShowCaseInfoPanelButtonsValues</include>
			</control>
		</control>
	</include>
</includes>