<?xml version="1.0" encoding="UTF-8"?>
<includes>
	<!-- Video List -->
	<include name="VideoList">
		<control type="group">
			<control type="image">
				<texture>$INFO[Container(50).ListItemAbsolute(1).Art(fanart)]</texture>
				<visible>Container.Content(seasons)</visible>
			</control>
			<control type="image">
				<texture>20.png</texture>
				<visible>Container.Content(seasons)</visible>
			</control>
			<visible>Control.IsVisible(50) + !Window.IsActive(addoninformation)</visible>
			<control type="group">
				<left>50</left>
				<top>240</top>
				<width>1220</width>
				<height>780</height>
				<include>WindowOpenCloseAnimation</include>
				<include>VisibleFadeAnimation</include>
				<include>PanelSlide2</include>
				<include>ContentPanel</include>
				<include>WindowSlide</include>
				<control type="panel" id="50">
					<left>10</left>
					<top>10</top>
					<width>1200</width>
					<height>750</height>
					<onright>50</onright>
					<onup>50</onup>
					<ondown>50</ondown>
					<viewtype label="535">list</viewtype>
					<scrolltime tween="quadratic" easing="out">200</scrolltime>
					<pagecontrol>60</pagecontrol>
					<itemlayout height="150" width="600" condition="!container.content(files)">
						<control type="image">
							<width>575</width>
							<height>150</height>
							<texture border="25">list.png</texture>
						</control>
						<control type="label">
							<left>20</left>
							<top>20</top>
							<width>555</width>
							<height>150</height>
							<font>font35</font>
							<textcolor>white2</textcolor>
							<label>BACK</label>
							<visible>String.StartsWith(ListItem.Label,..)</visible>
						</control>
						<control type="label">
							<left>20</left>
							<top>20</top>
							<width>535</width>
							<height>150</height>
							<font>font35</font>
							<textcolor>white2</textcolor>
							<shadowcolor>shadow</shadowcolor>
							<label>$INFO[ListItem.label]</label>
							<visible>!String.StartsWith(ListItem.Label,..)</visible>
						</control>
						<control type="label">
							<left>20</left>
							<top>10</top>
							<width>555</width>
							<height>50</height>
							<font>font12</font>
							<textcolor>grey2</textcolor>
							<disabledcolor>grey4</disabledcolor>
							<label>$INFO[ListItem.label2]</label>
						</control>
					</itemlayout>
					<focusedlayout height="150" width="600" condition="!container.content(files)">
						<control type="group">
							<include>ListZoom</include>
							<control type="image">
								<width>575</width>
								<height>150</height>
								<texture border="25">list.png</texture>
							</control>
							<control type="label">
								<left>20</left>
								<top>20</top>
								<width>555</width>
								<height>150</height>
								<font>font35</font>
								<textcolor>white2</textcolor>
								<label>BACK</label>
								<visible>String.StartsWith(ListItem.Label,..)</visible>
							</control>
							<control type="label">
								<left>20</left>
								<top>20</top>
								<width>535</width>
								<height>150</height>
								<font>font35</font>
								<textcolor>white2</textcolor>
								<shadowcolor>shadow</shadowcolor>
								<label>$INFO[ListItem.label]</label>
								<visible>!String.StartsWith(ListItem.Label,..)</visible>
							</control>
							<control type="label">
								<left>20</left>
								<top>10</top>
								<width>555</width>
								<height>50</height>
								<font>font12</font>
								<textcolor>grey2</textcolor>
								<disabledcolor>grey4</disabledcolor>
								<label>$INFO[ListItem.label2]</label>
							</control>
						</control>
						<control type="image">
							<width>575</width>
							<height>150</height>
							<texture border="25">listfo.png</texture>
							<animation effect="zoom" start="100" end="90" center="0,75" time="100">Focus</animation>
							<animation effect="fade">UnFocus</animation>
						</control>
					</focusedlayout>

					<itemlayout height="94" width="1200" condition="container.content(files)">
						<control type="image">
							<width>1180</width>
							<height>94</height>
							<texture border="25">list.png</texture>
						</control>
						<control type="label">
							<left>20</left>
							<width>1160</width>
							<height>94</height>
							<font>font35</font>
							<textcolor>white2</textcolor>
							<label>$INFO[Container.Content]</label>
							<visible>String.StartsWith(ListItem.Label,..)</visible>
						</control>
						<control type="label">
							<left>20</left>
							<width>1160</width>
							<height>94</height>
							<font>font35</font>
							<textcolor>white2</textcolor>
							<shadowcolor>shadow</shadowcolor>
							<label>$INFO[ListItem.label]</label>
							<visible>!String.StartsWith(ListItem.Label,..)</visible>
						</control>
					</itemlayout>
					<focusedlayout height="94" width="1200" condition="container.content(files)">
						<control type="group">
							<include>ListZoom</include>
							<control type="image">
								<width>1180</width>
								<height>94</height>
								<texture border="25">list.png</texture>
							</control>
							<control type="label">
								<left>20</left>
								<width>555</width>
								<height>94</height>
								<font>font35</font>
								<textcolor>white2</textcolor>
								<label>BACK</label>
								<visible>String.StartsWith(ListItem.Label,..)</visible>
							</control>
							<control type="label">
								<left>20</left>
								<width>1150</width>
								<height>94</height>
								<font>font35</font>
								<textcolor>white2</textcolor>
								<shadowcolor>shadow</shadowcolor>
								<label>$INFO[ListItem.label]</label>
								<visible>!String.StartsWith(ListItem.Label,..)</visible>
							</control>
						</control>
						<control type="image">
							<width>1180</width>
							<height>94</height>
							<texture border="25">listfo.png</texture>
							<animation effect="zoom" start="100" end="90" center="0,75" time="100">Focus</animation>
							<animation effect="fade">UnFocus</animation>
						</control>
					</focusedlayout>

				</control>
				<include>Scrollbar</include>
			</control>
			<control type="group">
				<left>1340</left>
				<top>340</top>
				<include>WindowOpenCloseAnimation</include>
				<visible>![Container.Content(addons) | Container.Content()]</visible>
				<control type="image">
					<description>background image</description>
					<left>30</left>
					<top>35</top>
					<width>450</width>
					<height>640</height>
					<texture border="1">defaultfolderbackposter.png</texture>
					<visible>String.StartsWith(ListItem.Label,..)</visible>
				</control>
				<control type="image">
					<left>30</left>
					<top>35</top>
					<width>450</width>
					<height>640</height>
					<aspectratio aligny="top">keep</aspectratio>
					<texture background="true" border="1">$INFO[ListItem.Art(poster)]</texture>
				</control>
				<control type="image">
					<description>background image</description>
					<left>30</left>
					<top>35</top>
					<width>450</width>
					<height>640</height>
					<texture border="10">thumb_glass.png</texture>
				</control>
			</control>
			<control type="group">
				<left>1340</left>
				<top>535</top>
				<include>WindowOpenCloseAnimation</include>
				<visible>Container.Content(addons) | Container.Content()</visible>
				<control type="image">
					<left>30</left>
					<top>35</top>
					<width>450</width>
					<height>450</height>
					<aspectratio aligny="top">keep</aspectratio>
					<texture background="true" border="1">$INFO[ListItem.Icon]</texture>
				</control>
			</control>
		</control>
	</include>

	<include name="AddonList">
		<control type="group">
			<visible>Control.IsVisible(50) + !Window.IsActive(addoninformation)</visible>
			<centerleft>50%</centerleft>
			<width>100%</width>
			<control type="group">
				<left>50</left>
				<top>240</top>
				<width>1220</width>
				<height>780</height>
				<include>WindowOpenCloseAnimation</include>
				<include>VisibleFadeAnimation</include>
				<include>PanelSlide2</include>
				<include>ContentPanel</include>
				<include>WindowSlide</include>
				<control type="panel" id="50">
					<left>10</left>
					<top>10</top>
					<width>1200</width>
					<height>750</height>
					<onright>50</onright>
					<onup>50</onup>
					<ondown>50</ondown>
					<viewtype label="535">list</viewtype>
					<scrolltime tween="quadratic" easing="out">200</scrolltime>
					<pagecontrol>60</pagecontrol>
					<itemlayout height="150" width="600">
						<control type="image">
							<width>575</width>
							<height>150</height>
							<texture border="25">list.png</texture>
						</control>
						<control type="label">
							<left>20</left>
							<top>20</top>
							<width>555</width>
							<height>150</height>
							<font>font35</font>
							<textcolor>white2</textcolor>
							<label>BACK</label>
							<visible>String.StartsWith(ListItem.Label,..)</visible>
						</control>
						<control type="label">
							<left>20</left>
							<top>20</top>
							<width>535</width>
							<height>150</height>
							<font>font35</font>
							<textcolor>white2</textcolor>
							<shadowcolor>shadow</shadowcolor>
							<label>$INFO[ListItem.label]</label>
							<visible>!String.StartsWith(ListItem.Label,..)</visible>
						</control>
						<control type="label">
							<left>20</left>
							<top>10</top>
							<width>555</width>
							<height>50</height>
							<font>font12</font>
							<textcolor>grey2</textcolor>
							<disabledcolor>grey4</disabledcolor>
							<label>$INFO[ListItem.label2]</label>
						</control>
					</itemlayout>
					<focusedlayout height="150" width="600">
						<control type="group">
							<include>ListZoom</include>
							<control type="image">
								<width>575</width>
								<height>150</height>
								<texture border="25">list.png</texture>
							</control>
							<control type="label">
								<left>20</left>
								<top>20</top>
								<width>555</width>
								<height>150</height>
								<font>font35</font>
								<textcolor>white2</textcolor>
								<label>BACK</label>
								<visible>String.StartsWith(ListItem.Label,..)</visible>
							</control>
							<control type="label">
								<left>20</left>
								<top>20</top>
								<width>535</width>
								<height>150</height>
								<font>font35</font>
								<textcolor>white2</textcolor>
								<shadowcolor>shadow</shadowcolor>
								<label>$INFO[ListItem.label]</label>
								<visible>!String.StartsWith(ListItem.Label,..)</visible>
							</control>
							<control type="label">
								<left>20</left>
								<top>10</top>
								<width>555</width>
								<height>50</height>
								<font>font12</font>
								<textcolor>grey2</textcolor>
								<disabledcolor>grey4</disabledcolor>
								<label>$INFO[ListItem.label2]</label>
							</control>
						</control>
						<control type="image">
							<width>575</width>
							<height>150</height>
							<texture border="25">listfo.png</texture>
							<animation effect="zoom" start="100" end="90" center="0,75" time="100">Focus</animation>
							<animation effect="fade">UnFocus</animation>
						</control>
					</focusedlayout>

				</control>
				<include>Scrollbar</include>
			</control>
			<control type="group">
				<left>1340</left>
				<top>535</top>
				<include>WindowOpenCloseAnimation</include>
				<control type="image">
					<left>30</left>
					<top>35</top>
					<width>450</width>
					<height>450</height>
					<aspectratio aligny="top">keep</aspectratio>
					<texture background="true" border="1">$INFO[ListItem.Icon,default]</texture>
				</control>
			</control>
		</control>
	</include>

	<include name="ProgramList">
		<control type="group">
			<visible>Control.IsVisible(50) + !Window.IsActive(addoninformation)</visible>
			<centerleft>50%</centerleft>
			<width>100%</width>
			<control type="group">
				<left>50</left>
				<top>240</top>
				<width>1070</width>
				<height>750</height>
				<include>WindowOpenCloseAnimation</include>
				<include>VisibleFadeAnimation</include>
				<include>WindowSlide</include>
				<control type="image">
					<width>100%</width>
					<height>100%</height>
					<texture border="25" diffuse="png">65.png</texture>
				</control>
				<control type="panel" id="50">
					<left>10</left>
					<top>10</top>
					<width>1050</width>
					<height>720</height>
					<onright>50</onright>
					<onup>50</onup>
					<ondown>50</ondown>
					<viewtype label="535">list</viewtype>
					<scrolltime tween="quadratic" easing="out">200</scrolltime>
					<pagecontrol>60</pagecontrol>
					<itemlayout height="120" width="1050">
						<control type="image">
							<width>1050</width>
							<height>120</height>
							<texture border="25" diffuse="png">list.png</texture>
						</control>
						<control type="label">
							<left>25</left>
							<width>1000</width>
							<font>font40</font>
							<textcolor>white</textcolor>
							<selectedcolor>selected</selectedcolor>
							<label>BACK</label>
							<visible>String.StartsWith(ListItem.Label,..)</visible>
						</control>
						<control type="label">
							<left>25</left>
							<top>15</top>
							<width>950</width>
							<font>font40</font>
							<textcolor>white</textcolor>
							<selectedcolor>selected</selectedcolor>
							<label>$INFO[ListItem.Label]</label>
							<visible>!String.StartsWith(ListItem.Label,..)</visible>
						</control>
					</itemlayout>
					<focusedlayout height="120" width="1050">
						<control type="group">
							<include>ListZoom</include>
							<control type="image">
								<width>1050</width>
								<height>120</height>
								<texture border="25">list.png</texture>
							</control>
							<control type="label">
								<left>25</left>
								<width>1000</width>
								<font>font40</font>
								<textcolor>white</textcolor>
								<selectedcolor>selected</selectedcolor>
								<label>BACK</label>
							<visible>String.StartsWith(ListItem.Label,..)</visible>
							</control>
							<control type="label">
								<left>25</left>
								<width>950</width>
								<font>font40</font>
								<textcolor>white</textcolor>
								<selectedcolor>selected</selectedcolor>
								<label>$INFO[ListItem.Label]</label>
								<visible>!String.StartsWith(ListItem.Label,..)</visible>
							</control>
						</control>
						<control type="image">
							<width>1050</width>
							<height>120</height>
							<texture border="25">listfo.png</texture>
							<animation effect="zoom" start="100" end="90" center="0,75" time="100">Focus</animation>
							<animation effect="fade" time="0">UnFocus</animation>
						</control>
					</focusedlayout>

				</control>
			</control>
			<control type="group">
				<left>1340</left>
				<top>535</top>
				<include>WindowOpenCloseAnimation</include>
				<control type="image">
					<left>30</left>
					<top>35</top>
					<width>450</width>
					<height>450</height>
					<aspectratio aligny="top">keep</aspectratio>
					<texture background="true" border="1">$INFO[ListItem.Icon]</texture>
				</control>
			</control>
		</control>
	</include>

</includes>