<?xml version="1.0" encoding="UTF-8"?>
<addon id="skin.scorpion" version="1.0" name="Scorpion" provider-name="Pick">
	<requires>
		<import addon="service.library.data.provider" version="0.3.2"/>
	</requires>
	<extension point="xbmc.gui.skin" debugging="false" effectslowdown="0.75">
		<res width="1920" height="1080" aspect="16:9" default="true" folder="1080i" />
		<res width="2560" height="1080" aspect="21:9" default="false" folder="1080i" />
	</extension>
	<extension point="xbmc.addon.metadata">
		<summary lang="en_US">Scorpion Skin</summary>
		<description lang="en_US">Hacked up Aeon nox</description>
		<platform>all</platform>
		<license>CC BY-NC-SA 4.0</license>
	</extension>
		<assets>
			<icon>resources/icon.png</icon>
			<screenshot>resources/screenshot-01.jpg</screenshot>
			<screenshot>resources/screenshot-02.jpg</screenshot>
			<screenshot>resources/screenshot-03.jpg</screenshot>
		</assets>
</addon>
