<?xml version="1.0" encoding="UTF-8"?>
<window id="1130" type="window">
	<defaultcontrol always="true">50</defaultcontrol>
	<controls>
		<include>CommonBackground</include>
		<control type="group">
			<visible>!Window.IsActive(addoninformation)</visible>
			<include>WindowSlide</include>
			<control type="group">
				<left>75</left>
				<top>160</top>
				<width>830</width>
				<height>870</height>
				<include>SettingsBG</include>
				<control type="panel" id="50">
					<top>10</top>
					<left>10</left>
					<width>810</width>
					<height>840</height>
					<onleft>SetProperty(MediaMenu,True,home)</onleft>
					<onleft>SetFocus(9050)</onleft>
					<onright>51</onright>
					<onup>50</onup>
					<ondown>50</ondown>
					<scrolltime tween="quadratic" easing="out">200</scrolltime>
					<itemlayout height="120" width="810">
						<control type="image">
							<width>811</width>
							<height>120</height>
							<texture border="5">divider.png</texture>
						</control>
						<control type="image">
							<left>15</left>
							<top>8</top>
							<width>105</width>
							<height>105</height>
							<aspectratio>keep</aspectratio>
							<texture background="true">$INFO[ListItem.Icon,defaulticons/]</texture>
							<colordiffuse>grey2</colordiffuse>
						</control>
						<control type="image">
							<left>15</left>
							<top>8</top>
							<width>105</width>
							<height>105</height>
							<aspectratio>keep</aspectratio>
							<texture background="true">$INFO[ListItem.Icon]</texture>
						</control>
						<control type="label">
							<left>135</left>
							<width>655</width>
							<height>70</height>
							<textcolor>white2</textcolor>
							<selectedcolor>selected</selectedcolor>
							<label>$INFO[ListItem.Label]</label>
							<animation effect="slide" start="0,0" end="0,25" time="0" condition="String.IsEmpty(ListItem.AddonSummary)">Conditional</animation>
						</control>
						<control type="label">
							<left>135</left>
							<top>50</top>
							<width>655</width>
							<height>60</height>
							<textcolor>white2</textcolor>
							<selectedcolor>selected</selectedcolor>
							<label>$INFO[ListItem.AddonSummary]</label>
						</control>
						<control type="label">
							<left>60</left>
							<width>730</width>
							<height>120</height>
							<align>right</align>
							<textcolor>white2</textcolor>
							<selectedcolor>selected</selectedcolor>
							<label>$INFO[ListItem.Label2]</label>
						</control>
					</itemlayout>
					<focusedlayout height="120" width="810">
						<control type="image">
							<width>811</width>
							<height>120</height>
							<texture border="40" colordiffuse="selected">2.png</texture>
						</control>
						<control type="image">
							<left>15</left>
							<top>8</top>
							<width>105</width>
							<height>105</height>
							<aspectratio>keep</aspectratio>
							<texture background="true">$INFO[ListItem.Icon]</texture>
						</control>
						<control type="label">
							<left>135</left>
							<width>655</width>
							<height>70</height>
							<textcolor>white2</textcolor>
							<selectedcolor>selected</selectedcolor>
							<label>$INFO[ListItem.Label]</label>
							<animation effect="slide" start="0,0" end="0,25" time="0" condition="String.IsEmpty(ListItem.AddonSummary)">Conditional</animation>
						</control>
						<control type="label">
							<left>135</left>
							<top>50</top>
							<width>655</width>
							<height>60</height>
							<textcolor>white2</textcolor>
							<selectedcolor>selected</selectedcolor>
							<label>$INFO[ListItem.AddonSummary]</label>
						</control>
						<control type="label">
							<left>60</left>
							<width>730</width>
							<height>120</height>
							<align>right</align>
							<textcolor>white2</textcolor>
							<selectedcolor>selected</selectedcolor>
							<label>$INFO[ListItem.Label2]</label>
						</control>
					</focusedlayout>
					<content>
						<item id="1">
							<label>BACK</label>
							<icon>defaultFolderBack.png</icon>
							<onclick>ActivateWindow(Home)</onclick>
						</item>
						<item id="2">
							<label>$LOCALIZE[1037]</label>
							<icon>defaultaddonVideo.png</icon>
							<property name="AppsTarget">videos</property>
							<property name="AppsContent">addons://sources/video/</property>
							<property name="AppsSortBy">lastused</property>
							<onclick>ActivateWindow(Videos,Addons,return)</onclick>
						</item>
						<item id="3">
							<label>$LOCALIZE[1038]</label>
							<icon>defaultaddonMusic.png</icon>
							<property name="AppsTarget">music</property>
							<property name="AppsContent">addons://sources/audio/</property>
							<property name="AppsSortBy">lastused</property>
							<onclick>ActivateWindow(Music,Addons,return)</onclick>
						</item>
						<item id="4">
							<label>$LOCALIZE[1039]</label>
							<icon>defaultaddonPicture.png</icon>
							<property name="AppsTarget">pictures</property>
							<property name="AppsContent">addons://sources/image/</property>
							<property name="AppsSortBy">lastused</property>
							<onclick>ActivateWindow(Pictures,Addons,return)</onclick>
						</item>
						<item id="5">
							<label>$LOCALIZE[1043]</label>
							<icon>defaultaddonProgram.png</icon>
							<property name="AppsTarget">programs</property>
							<property name="AppsContent">addons://sources/executable/</property>
							<property name="AppsSortBy">lastused</property>
							<onclick>ActivateWindow(Programs,Addons,return)</onclick>
						</item>
						<item id="6">
							<label>$LOCALIZE[10040]</label>
							<icon>defaultaddon.png</icon>
							<property name="AppsTarget"></property>
							<property name="AppsContent">addons://user/all/</property>
							<property name="AppsSortBy">lastupdated</property>
							<onclick>ActivateWindow(AddonBrowser,return)</onclick>
						</item>
						<item id="7">
							<label>$LOCALIZE[1036]</label>
							<icon>defaultFavourites.png</icon>
							<property name="AppsTarget" />
							<property name="AppsContent">favourites://</property>
							<property name="AppsSortBy" />
							<onclick>ActivateWindow(Favourites)</onclick>
						</item>
						<item id="8">
							<label>$LOCALIZE[20244]</label>
							<icon>defaultaddonAndroid.png</icon>
							<property name="AppsTarget">programs</property>
							<property name="AppsContent">androidapp://sources/apps/</property>
							<property name="AppsSortBy">lastused</property>
							<onclick>ActivateWindow(Programs,return)</onclick>
							<visible>System.Platform.Android</visible>
						</item>
					</content>
				</control>
			</control>
			<control type="group">
				<right>75</right>
				<top>160</top>
				<width>820</width>
				<height>870</height>
				<include>SettingsBG</include>
				<control type="panel" id="51">
					<top>10</top>
					<left>20</left>
					<width>810</width>
					<height>840</height>
					<onleft>50</onleft>
					<onup>51</onup>
					<ondown>51</ondown>
					<onclick condition="Container(50).HasFocus">$INFO[ListItem.FileNameAndPath]</onclick>
					<animation effect="fade" start="100" end="0" time="300" condition="Container(51).IsUpdating">conditional</animation>
					<viewtype label="535">button</viewtype>
					<scrolltime tween="quadratic" easing="out">200</scrolltime>
					<itemlayout height="260" width="260">
						<control type="image">
							<width>260</width>
							<height>260</height>
							<texture border="20" background="true">panelfo.png</texture>
							<bordersize>5</bordersize>
						</control>
						<control type="image">
							<left>50</left>
							<top>10</top>
							<width>150</width>
							<height>150</height>
							<aspectratio>keep</aspectratio>
							<texture border="5" background="true">$INFO[ListItem.Icon]</texture>
						</control>
						<control type="textbox">
							<align>center</align>
							<left>10</left>
							<top>180</top>
							<width>240</width>
							<font>font25B</font>
							<textcolor>white2</textcolor>
							<wrapltiline>true</wrapltiline>
							<label>$INFO[ListItem.Label]</label>
							<animation effect="slide" start="0,0" end="0,25" time="0" condition="String.IsEmpty(ListItem.AddonSummary)">Conditional</animation>
						</control>
					</itemlayout>
					<focusedlayout height="260" width="260">
						<control type="group">
							<control type="image">
								<width>260</width>
								<height>260</height>
								<texture border="20" background="true" colordiffuse="selected">panel.png</texture>
								<include>FOPanel</include>
								<bordersize>5</bordersize>
							</control>
							<control type="image">
								<left>50</left>
								<top>10</top>
								<width>150</width>
								<height>150</height>
								<aspectratio>keep</aspectratio>
								<texture border="5" background="true">$INFO[ListItem.Icon]</texture>
							</control>
							<control type="textbox">
								<align>center</align>
								<left>10</left>
								<top>180</top>
								<width>240</width>
								<textcolor>white2</textcolor>
								<font>font25B</font>
								<wrapltiline>true</wrapltiline>
								<label>$INFO[ListItem.Label]</label>
								<animation effect="slide" start="0,0" end="0,25" time="0" condition="String.IsEmpty(ListItem.AddonSummary)">Conditional</animation>
							</control>
							<include>PanelZoom</include>
						</control>
					</focusedlayout>
					<content target="$INFO[Container(50).ListItem.Property(AppsTarget)]" sortby="$INFO[Container(50).ListItem.Property(AppsSortBy)]" sortorder="descending">$INFO[Container(50).ListItem.Property(AppsContent)]</content>
				</control>
			</control>
		</control>
		<include>Topbar</include>
	</controls>
</window>