<?xml version="1.0" encoding="UTF-8"?>
<window id="1110" type="dialog">
	<defaultcontrol always="true">9000</defaultcontrol>
	<controls>
		<control type="group">
			<include>DialogAnimation</include>
			<centerleft>50%</centerleft>
			<centertop>50%</centertop>
			<width>420</width>
			<height>320</height>
			<control type="image">
				<width>100%</width>
				<height>100%</height>
				<texture border="40">65.png</texture>
			</control>
			<control type="label">
				<top>10</top>
				<width>400</width>
				<height>52</height>
				<textoffsetx>15</textoffsetx>
				<font>font30</font>
				<label>31101</label>
				<textcolor>themecolor</textcolor>
			</control>
			<control type="list" id="9000">
				<top>60</top>
				<width>400</width>
				<height>1080</height>
				<onleft>Dialog.Close(1129)</onleft>
				<onright>Dialog.Close(1129)</onright>
				<itemlayout width="400" height="60">
					<control type="image">
						<width>400</width>
						<height>60</height>
						<texture border="1">button.png</texture>
					</control>
					<control type="label">
						<width>400</width>
						<height>60</height>
						<font>font30</font>
						<textcolor>grey2</textcolor>
						<textoffsetx>15</textoffsetx>
						<selectedcolor>selected</selectedcolor>
						<label>$INFO[ListItem.Label]</label>
					</control>
				</itemlayout>
				<focusedlayout width="400" height="60">
					<control type="group">
						<control type="image">
							<width>400</width>
							<height>60</height>
							<texture border="4">buttonfo.png</texture>
						</control>
						<control type="label">
							<width>400</width>
							<height>60</height>
							<textoffsetx>15</textoffsetx>
							<font>font30</font>
							<selectedcolor>selected</selectedcolor>
							<label>$INFO[ListItem.Label]</label>
						</control>
					</control>

				</focusedlayout>
				<content>
					<item>
						<label>Common List</label>
						<onclick>Container.SetViewMode(50)</onclick>
						<onclick>Dialog.Close(1110)</onclick>
					</item>
					<item>
						<label>InfoWall</label>
						<onclick>Container.SetViewMode(51)</onclick>
						<onclick>Dialog.Close(1110)</onclick>
					</item>
					<item>
						<label>Seasons</label>
						<onclick>Container.SetViewMode(52)</onclick>
						<onclick>Dialog.Close(1110)</onclick>
					</item>
					<item>
						<label>Episodes</label>
						<onclick>Container.SetViewMode(53)</onclick>
						<onclick>Dialog.Close(1110)</onclick>
					</item>
					<item>
						<label>Music</label>
						<onclick>Container.SetViewMode(54)</onclick>
						<onclick>Dialog.Close(1110)</onclick>
					</item>
				</content>
			</control>
		</control>

	</controls>
</window>