<?xml version="1.0" encoding="UTF-8"?>
<window>
	<coordinates>
		<left>560</left>
		<top>30</top>
		<origin x="880" y="30">String.IsEqual(Skin.AspectRatio,21:9)</origin>
	</coordinates>
	<include>DialogPopupAnimation</include>
	<controls>
		<control type="group">
			<visible>!Window.IsActive(fullscreenvideo) + !Window.IsActive(visualisation)</visible>
			<control type="image">
				<description>background image</description>
				<width>800</width>
				<height>166</height>
				<texture border="40">65.png</texture>
			</control>
			<control type="image">
				<left>30</left>
				<top>32</top>
				<width>740</width>
				<height>102</height>
				<texture border="5">65.png</texture>
			</control>
			<control type="progress" id="32">
				<description>progress control</description>
				<left>32</left>
				<top>33</top>
				<width>738</width>
				<height>100</height>
				<texturebg border="2">osd/texturebg2.png</texturebg>
				<lefttexture />
				<midtexture border="2">osd/midtexture.png</midtexture>
				<righttexture />
				<overlaytexture />
				<colordiffuse>44FFFFFF</colordiffuse>
			</control>
			<control type="label">
				<description>Header Label</description>
				<top>32</top>
				<width>800</width>
				<height>50</height>
				<font>font30</font>
				<textcolor>grey3</textcolor>
				<textoffsetx>50</textoffsetx>
				<label>$INFO[Control.GetLabel(30)]$INFO[Control.GetLabel(32),: ,%]</label>
			</control>
			<control type="label" id="31">
				<description>Title Label</description>
				<top>82</top>
				<width>800</width>
				<height>50</height>
				<font>font30</font>
				<textcolor>grey2</textcolor>
				<textoffsetx>50</textoffsetx>
			</control>
			<control type="label" id="30">
				<description>Header Label</description>
				<include>HiddenObject</include>
			</control>
		</control>
	</controls>
</window>