<?xml version="1.0" encoding="UTF-8"?>
<window>
	<defaultcontrol always="true">996</defaultcontrol>
	<include>DialogAnimation</include>
	<controls>
		<control type="group">
			<control type="image" id="999">
				<description>background image</description>
				<width>450</width>
				<height>1080</height>
				<texture border="40">65.png</texture>
			</control>
			<control type="grouplist" id="996">
				<description>grouplist for context buttons</description>
				<left>0</left>
				<top>0</top>
				<width>510</width>
				<itemgap>0</itemgap>
				<height min="80" max="1080">auto</height>
			</control>
			<control type="button" id="1000">
				<description>button template</description>
				<width>450</width>
				<height>80</height>
				<font>font30B</font>
				<textcolor>white2</textcolor>
				<textoffsetx>15</textoffsetx>
			</control>
		</control>
	</controls>
</window>