<?xml version="1.0" encoding="UTF-8"?>
<window>
	<defaultcontrol always="true">9000</defaultcontrol>
	<controls>
		<control type="group" id="9000">
<!-- List 3 -->
			<control type="group">
				<left>75</left>
				<top>120</top>
				<width>1060</width>
				<height>930</height>
				<include>SettingsBG</include>
				<visible>!Control.IsVisible(6)</visible>
				<control type="list" id="3">
					<left>10</left>
					<top>123</top>
					<width>1050</width>
					<height>791</height>
					<onup>9001</onup>
					<ondown>9001</ondown>
					<scrolltime tween="quadratic" easing="out">200</scrolltime>

					<itemlayout height="113" width="1020">
						<control type="image">
							<width>1020</width>
							<height>113</height>
							<texture border="25">button.png</texture>
						</control>
						<control type="label">
							<left>25</left>
							<top>10</top>
							<width>995</width>
							<font>font35B</font>
							<textcolor>white</textcolor>
							<selectedcolor>selected</selectedcolor>
							<label>$INFO[ListItem.Label]</label>
						</control>
					</itemlayout>
					<focusedlayout height="113" width="1020">
						<control type="group">
							<control type="image">
								<width>1020</width>
								<height>113</height>
								<texture border="25">button.png</texture>
								<include>ListZoomNF</include>
							</control>
							<control type="image">
								<width>1020</width>
								<height>113</height>
								<texture border="25">buttonfo.png</texture>
								<include>ListZoomFO</include>
							</control>
							<control type="label">
								<left>25</left>
								<top>10</top>
								<width>850</width>
								<font>font35B</font>
								<textcolor>white</textcolor>
								<selectedcolor>selected</selectedcolor>
								<label>$INFO[ListItem.Label]</label>
							</control>
						</control>
					</focusedlayout>
				</control>
			</control>
<!-- List 6 -->
			<control type="group">
				<left>445</left>
				<width>1000</width>
				<height>640</height>
				<top>270</top>
				<visible>!Control.IsVisible(3)</visible>
				<include>SettingsBG</include>
				<control type="list" id="6">
					<top>80</top>
					<height>400</height>
					<left>30</left>
					<onup>9001</onup>
					<ondown>9001</ondown>
					<pagecontrol>60</pagecontrol>
					<scrolltime tween="quadratic" easing="out">200</scrolltime>
					<itemlayout height="80" width="460">
						<control type="image">
							<width>460</width>
							<height>80</height>
							<texture border="25">button.png</texture>
						</control>
						<control type="label">
							<width>460</width>
							<height>80</height>
							<font>font35B</font>
							<textoffsetx>15</textoffsetx>
							<textcolor>white2</textcolor>
							<selectedcolor>selected</selectedcolor>
							<label>$INFO[ListItem.Label]</label>
						</control>
						<control type="label">
							<right>10</right>
							<width>200</width>
							<height>80</height>
							<font>font35</font>
							<textoffsetx>15</textoffsetx>
							<textcolor>white2</textcolor>
							<selectedcolor>selected</selectedcolor>
							<align>right</align>
							<label>$INFO[ListItem.AddonVersion]</label>
						</control>
					</itemlayout>
					<focusedlayout height="80" width="460">
						<control type="group">
							<control type="image">
								<width>460</width>
								<height>80</height>
								<texture border="25">buttonfo.png</texture>
							</control>
							<control type="label">
								<width>460</width>
								<height>80</height>
								<font>font35B</font>
								<textoffsetx>15</textoffsetx>
								<textcolor>white2</textcolor>
								<selectedcolor>selected</selectedcolor>
								<label>$INFO[ListItem.Label]</label>
							</control>
							<control type="label">
								<right>10</right>
								<width>200</width>
								<height>80</height>
								<font>font35B</font>
								<textoffsetx>15</textoffsetx>
								<textcolor>white2</textcolor>
								<selectedcolor>selected</selectedcolor>
								<align>right</align>
								<label>$INFO[ListItem.AddonVersion]</label>
							</control>
							<include>ButtonZoom</include>
						</control>
					</focusedlayout>
				</control>
				<control type="label" id="1">
					<top>30</top>
					<width>1040</width>
					<height>30</height>
					<label />
					<align>center</align>
					<textcolor>white2</textcolor>
					<visible>!Control.IsVisible(3)</visible>
				</control>
				<control type="label">
					<top>80</top>
					<left>520</left>
					<width>480</width>
					<height>30</height>
					<align>center</align>
					<scroll>true</scroll>
					<textoffsetx>15</textoffsetx>
					<textcolor>white2</textcolor>
					<selectedcolor>selected</selectedcolor>
					<label>$INFO[Container(6).ListItem.Label2]</label>
				</control>
				<control type="image">
					<left>580</left>
					<top>120</top>
					<height>350</height>
					<width>350</width>
					<texture>$INFO[Container(6).ListItem.Icon]</texture>
				</control>
			</control>

<!-- OK/cancel 6 -->
			<control type="group">
				<left>445</left>
				<width>1000</width>
				<height>80</height>
				<bottom>200</bottom>
				<visible>!Control.IsVisible(3)</visible>
				<control type="grouplist" id="9001">
					<left>30</left>
					<height>720</height>
					<ondown>6</ondown>
					<onup>6</onup>
					<ondown>3</ondown>
					<onup>3</onup>
					<itemgap>40</itemgap>
					<orientation>horizontal</orientation>
					<control type="button" id="5">
						<description>Manual button</description>
						<width>460</width>
						<height>80</height>
						<label>186</label>
					</control>
					<control type="button" id="7">
						<description>Cancel button</description>
						<width>460</width>
						<height>80</height>
						<label>186</label>
					</control>
				</control>
			</control>

<!-- OK/cancel 3 -->
			<control type="group">
				<left>85</left>
				<top>130</top>
				<width>1035</width>
				<height>113</height>
				<visible>!Control.IsVisible(6)</visible>
				<control type="grouplist" id="9001">
					<ondown>6</ondown>
					<onup>9031</onup>
					<ondown>3</ondown>
					<onup>3</onup>
					<itemgap>40</itemgap>
					<orientation>horizontal</orientation>
					<control type="button" id="5">
						<description>Manual button</description>
						<width>1020</width>
						<height>113</height>
						<font>font35</font>
						<label />
						<texturefocus border="15">buttonfo.png</texturefocus>
						<texturenofocus border="15">button.png</texturenofocus>
						<include>ListZoomB</include>
					</control>
				</control>
					<control type="label">
						<left>30</left>
						<top>50</top>
						<width>1020</width>
						<height>30</height>
						<font>font35B</font>
						<textcolor>white2</textcolor>
						<label>Back</label>
					</control>
			</control>
		</control>
	</controls>
</window>