<?xml version="1.0" encoding="UTF-8"?>
<window>
	<defaultcontrol>9000</defaultcontrol>
	<onload>SetFocus(9004)</onload>
	<include>DialogAnimation</include>
	<controls>
		<control type="group">
			<left>750</left>
			<top>250</top>
			<width>430</width>
			<height>420</height>
			<include>SettingsBG</include>
			<include>FOScroll</include>
			<control type="grouplist" id="9000">
				<left>5</left>
				<top>10</top>
				<onup>9000</onup>
				<ondown>9000</ondown>
				<control type="button" id="9001">
					<description>rd1</description>
					<font>font35B</font>
					<width>420</width>
					<align>center</align>
					<height>80</height>
					<textwidth>435</textwidth>
					<textoffsetx>45</textoffsetx>
					<onclick>RunPlugin(plugin://script.module.resolveurl/?mode=auth_rd)</onclick>
					<visible>yes</visible>
					<label>RD1</label>
				</control>
				<control type="button" id="9002">
					<description>rd2</description>
					<font>font35B</font>
					<width>420</width>
					<align>center</align>
					<height>80</height>
					<textwidth>435</textwidth>
					<textoffsetx>45</textoffsetx>
					<onclick>RunPlugin(plugin://script.module.urlresolver/?mode=auth_rd)</onclick>
					<visible>yes</visible>
					<label>RD2</label>
				</control>
				<control type="button" id="9003">
					<description>instr</description>
					<font>font35B</font>
					<width>420</width>
					<height>80</height>
					<align>center</align>
					<textwidth>435</textwidth>
					<textoffsetx>45</textoffsetx>
					<onclick>ShowPicture(special://skin/extras/rd/instr.png)</onclick>
					<visible>yes</visible>
					<label>RD Inst.</label>
				</control>
				<control type="image" id="9005">
					<width>420</width>
					<height>80</height>
					<texture border="5">divider.png</texture>
				</control>
				<control type="button" id="9004">
					<description>Exit button</description>
					<font>font35B</font>
					<width>420</width>
					<height>80</height>
					<align>center</align>
					<textwidth>435</textwidth>
					<textoffsetx>45</textoffsetx>
					<onclick>Quit()</onclick>
					<label>EXIT</label>
					<texturenofocus />
					<visible>System.ShowExitButton</visible>
				</control>
			</control>
		</control>
	</controls>
</window>