<?xml version="1.0" encoding="UTF-8"?>
<window>
	<defaultcontrol always="true">50</defaultcontrol>
	<views>50,51,52,53</views>
	<menucontrol>9051</menucontrol>
	<controls>
		<include>CommonBackground</include>
		<control type="group">
			<include>WindowOpenCloseAnimation</include>
			<include>CommonList</include>
			<include>InfoWall</include>
			<include>SeasonList</include>
			<include>SeasonListContent</include>
			<include>EpisodeList</include>
		</control>
		<include>Topbar</include>
	</controls>
</window>