<?xml version="1.0" encoding="UTF-8"?>
<includes>
	<!-- Video InfoWall -->
	<include name="InfoWall">
		<control type="group">
			<visible>Control.IsVisible(51) + !Window.IsActive(addoninformation)</visible>
			<left>75</left>
			<top>120</top>
			<width>1060</width>
			<height>930</height>
			<include>SettingsBG</include>
			<include>WindowSlide</include>
			<control type="panel" id="51">
				<left>10</left>
				<top>10</top>
				<width>1050</width>
				<height>900</height>
				<onup>51</onup>
				<ondown>51</ondown>
				<pagecontrol>60</pagecontrol>
				<preloaditems>2</preloaditems>
				<viewtype label="InfoPanel">panel</viewtype>
				<visible>Container.Content(tvshows) | Container.Content(movies)</visible>
				<itemlayout height="300" width="205">
					<control type="image">
						<width>200</width>
						<height>300</height>
						<aspectratio>scale</aspectratio>
						<texture background="true">$INFO[ListItem.Art(poster)]</texture>
						<visible>!String.StartsWith(ListItem.Label,..)</visible>
						<bordersize>7</bordersize>
					</control>
					<control type="image">
						<width>200</width>
						<height>300</height>
						<aspectratio>scale</aspectratio>
						<texture background="true">defaultfolderbackposter.png</texture>
						<visible>String.StartsWith(ListItem.Label,..)</visible>
						<bordersize>7</bordersize>
					</control>
					<control type="image">
						<width>200</width>
						<height>300</height>
						<texture border="0">panel.png</texture>
						<bordersize>5</bordersize>
					</control>
				</itemlayout>
				<focusedlayout height="300" width="205">
					<control type="group">
						<control type="image">
							<width>200</width>
							<height>300</height>
							<aspectratio>scale</aspectratio>
							<texture background="true">$INFO[ListItem.Art(poster)]</texture>
							<visible>!String.StartsWith(ListItem.Label,..)</visible>
							<bordersize>7</bordersize>
						</control>
						<control type="image">
							<width>200</width>
							<height>300</height>
							<aspectratio>scale</aspectratio>
							<texture background="true">defaultfolderbackposter.png</texture>
							<visible>String.StartsWith(ListItem.Label,..)</visible>
							<bordersize>7</bordersize>
						</control>
						<control type="image">
							<width>200</width>
							<height>300</height>
							<texture border="0" colordiffuse="selected">panel.png</texture>
							<bordersize>5</bordersize>
							<include>FOPanel</include>
						</control>
						<control type="image">
							<width>200</width>
							<height>300</height>
							<texture border="0">panel.png</texture>
							<bordersize>5</bordersize>
							<include>NOFOPanel</include>
						</control>
						<include>PanelZoom</include>
					</control>
				</focusedlayout>
			</control>
			<include>Scrollbar</include>
		</control>

<!-- InfoPanel -->
		<control type="group">
			<right>50</right>
			<top>120</top>
			<width>680</width>
			<height>930</height>
			<include>WindowOpenCloseAnimation</include>
			<include>VisibleFadeAnimation</include>
			<control type="group">
				<visible>![Container.Content(episodes) | Container.Content(seasons) | Window.IsActive(addoninformation) | Window.IsActive(addonbrowser)]</visible>
				<include>SettingsBG</include>
				<control type="image">
					<left>10</left>
					<top>10</top>
					<width>660</width>
					<height>380</height>
					<aspectratio>keep</aspectratio>
					<texture background="true">$VAR[Image_Var]</texture>
					<bordersize>2</bordersize>
				</control>
				<control type="image">
					<left>10</left>
					<top>10</top>
					<width>660</width>
					<height>380</height>
					<aspectratio>keep</aspectratio>
					<texture background="true">thumb_mask.png</texture>
					<bordersize>2</bordersize>
					<visible>String.StartsWith(ListItem.Studio) | String.StartsWith(ListItem.MPAA)</visible>
				</control>
				<control type="image">
					<left>10</left>
					<top>10</top>
					<width>660</width>
					<height>370</height>
					<aspectratio>keep</aspectratio>
					<texture background="true" border="5" diffuse="thumb_dif85.png">defaultfolderbackls.png</texture>
					<bordersize>2</bordersize>
					<visible>String.StartsWith(ListItem.Label,..)</visible>
				</control>
				<control type="image">
					<right>20</right>
					<top>335</top>
					<width>60</width>
					<height>40</height>
					<aspectratio>keep</aspectratio>
					<texture>$INFO[ListItem.MPAA,flags/mpaa/,.png]</texture>
					<bordertexture colordiffuse="grey2">mpaa_box2.png</bordertexture>
				</control>
				<control type="image">
					<left>170</left>
					<top>325</top>
					<width>85</width>
					<height>60</height>
					<aspectratio>keep</aspectratio>
					<texture>$INFO[ListItem.Studio,resource://resource.images.studios.coloured/,.png]</texture>
				</control>
				<control type="image">
					<left>20</left>
					<top>325</top>
					<width>85</width>
					<height>60</height>
					<aspectratio>keep</aspectratio>
					<texture background="true">$VAR[Studio]</texture>
				</control>
<!-- RunScript(script.skin.helper.service,action=stripstring,splitchar=.,string=$INFO[System.BuildVersion],output=kodiversion_main) -->
				<control type="label">
					<top>385</top>
					<width>660</width>
					<height>60</height>
					<font>font40</font>
					<scroll>true</scroll>
					<textoffsetx>15</textoffsetx>
					<label>$INFO[Window.Property(kodiversion_main)]</label>
				</control>
				<control type="label"> 
					<left>20</left>
					<top>450</top>
					<width>640</width>
					<height>80</height>
					<font>font35r</font>
					<label>$VAR[Label_InfoLine]</label>
					<visible>!String.Contains(,..) | String.Contains(ListItem.Label,next)</visible>
				</control>
				<control type="image">
					<left>20</left>
					<top>300</top>
					<width>150</width>
					<height>100</height>
					<texture>$INFO[ListItem.MPAA]</texture>
					<bordertexture>mpaa_box.png</bordertexture>
					<visible>!String.Contains(ListItem.Label,..)</visible>
				</control>
				<control type="textbox">
					<label>$INFO[ListItem.Plot]</label>
					<top>540</top>
					<left>40</left>
					<width>600</width>
					<height>380</height>
					<font>font35tb</font>
					<textcolor>white2</textcolor>
					<autoscroll time="3000" delay="2500" repeat="5000"></autoscroll>
					<pagecontrol>61</pagecontrol>
				</control>
				<!-- <control type="image"> -->
					<!-- <bottom>20</bottom> -->
					<!-- <left>10</left> -->
					<!-- <width>660</width> -->
					<!-- <height>380</height> -->
					<!-- <texture>logo.png</texture> -->
					<!-- <visible>String.IsEmpty(ListItem.Plot)</visible> -->
				<!-- </control> -->
			</control>

<!-- AddonBrowser -->
			<control type="group">
				<visible>Window.IsActive(addonbrowser)</visible>
				<control type="image">
					<description>background image</description>
					<width>100%</width>
					<height>100%</height>
					<texture border="40">65.png</texture>
				</control>
				<control type="image">
					<left>10</left>
					<top>10</top>
					<width>660</width>
					<height>380</height>
					<texture background="true">shadow.png</texture>
					<bordersize>2</bordersize>
				</control>
				<control type="image">
					<left>10</left>
					<top>10</top>
					<width>660</width>
					<height>380</height>
					<aspectratio>keep</aspectratio>
					<texture background="true">$VAR[Image_Var]</texture>
				</control>
				<control type="label">
					<top>420</top>
					<left>20</left>
					<width>640</width>
					<height>30</height>
					<aligny>top</aligny>
					<align>center</align>
					<font>font35b</font>
					<textcolor>white2</textcolor>
					<scroll>true</scroll>
					<scrollspeed>100</scrollspeed>
					<label>$VAR[List_Label]</label>
				</control>
				<control type="label">
					<top>500</top>
					<left>50</left>
					<width>580</width>
					<height>400</height>
					<aligny>top</aligny>
					<font>font35</font>
					<textcolor>white2</textcolor>
					<wrapmultiline>true</wrapmultiline>
					<label>$VAR[Addon_InfoLine]</label>
				</control>
				<!-- <control type="image"> -->
					<!-- <bottom>20</bottom> -->
					<!-- <left>10</left> -->
					<!-- <width>660</width> -->
					<!-- <height>380</height> -->
					<!-- <texture>logo.png</texture> -->
					<!-- <visible>String.Contains(ListItem.Label,..) | String.Contains(ListItem.Label,next)</visible> -->
				<!-- </control> -->
			</control>
		</control>
	</include>
</includes>