<?xml version="1.0" encoding="UTF-8"?>
<window>
	<defaultcontrol>9000</defaultcontrol>
	<include>DialogOpenCloseAnimation</include>
	<controls>
		<control type="grouplist" id="9000">
			<centerleft>53%</centerleft>
			<width>510</width>
			<height>100%</height>
			<onleft>9000</onleft>
			<onright>9000</onright>
			<onup>9000</onup>
			<ondown>9000</ondown>
			<top>200</top>
			<control type="image" id="1">
				<description>background image</description>
				<width>410</width>
				<height>34</height>
				<texture border="30,20,30,2">button_shutdown_nofocus.png</texture>
			</control>
			<control type="button" id="2">
				<description>addons</description>
				<font>font133</font>
				<width>410</width>
				<height>65</height>
			    <align>center</align>
				<textwidth>435</textwidth>
				<textoffsetx>45</textoffsetx>
				<texturefocus border="4,4,6,2">listselect_fo.png</texturefocus>
				<texturenofocus border="35,2,35,2">button_shutdown_nofocus.png</texturenofocus>
				<onclick>ActivateWindow(1133)</onclick>
				<visible>yes</visible>
				<label>ADDONS</label>
			</control>
			<control type="button" id="3">
				<description>settings</description>
				<font>font133</font>
				<width>410</width>
				<height>60</height>
			    <align>center</align>
				<textwidth>435</textwidth>
				<textoffsetx>45</textoffsetx>
				<texturefocus border="4,6,4,2">listselect_fo.png</texturefocus>
				<texturenofocus border="35,2,35,2">button_shutdown_nofocus.png</texturenofocus>
				<onclick>ActivateWindow(settings)</onclick>
				<label>SETTINGS</label>
				<visible>yes</visible>
			</control>
			<control type="button" id="4">
				<description>filemanager</description>
				<font>font133</font>
				<width>410</width>
				<height>60</height>
			    <align>center</align>
				<textwidth>435</textwidth>
				<textoffsetx>45</textoffsetx>
				<texturefocus border="4,4,6,2">listselect_fo.png</texturefocus>
				<texturenofocus border="35,2,35,2">button_shutdown_nofocus.png</texturenofocus>
				<onclick>ActivateWindow(Filemanager)</onclick>
				<label>FILEMANAGER</label>
				<visible>yes</visible>
			</control>
			<control type="button" id="5">
				<description>Minimize</description>
				<font>font133</font>
				<width>410</width>
			    <align>center</align>
				<height>60</height>
				<textwidth>435</textwidth>
				<textoffsetx>45</textoffsetx>
				<texturefocus border="4,4,6,2">listselect_fo.png</texturefocus>
				<texturenofocus border="35,2,35,2">button_shutdown_nofocus.png</texturenofocus>
				<onclick>Minimize())</onclick>
				<visible>yes</visible>
				<label>MINIMIZE</label>
			</control>
			<control type="button" id="6">
				<description>reload</description>
				<font>font133</font>
				<width>410</width>
				<height>60</height>
			    <align>center</align>
				<textwidth>435</textwidth>
				<textoffsetx>45</textoffsetx>
				<texturefocus border="4,4,6,2">listselect_fo.png</texturefocus>
				<texturenofocus border="35,2,35,2">button_shutdown_nofocus.png</texturenofocus>
				<onclick>ReloadSkin()</onclick>
				<visible>yes</visible>
				<label>RELOAD</label>
			</control>
			<control type="image" id="9">
				<description>background image</description>
				<width>410</width>
				<height>34</height>
				<texture border="30,2,30,20">button_shutdown_nofocus.png</texture>
			</control>
			<control type="button" id="8">
				<description>Exit button</description>
				<font>font133</font>
				<width>410</width>
				<height>60</height>
			    <align>center</align>
				<textwidth>435</textwidth>
				<textoffsetx>45</textoffsetx>
				<texturefocus border="4,4,6,2">listselect_fo.png</texturefocus>
				<texturenofocus border="35,2,35,2">button_shutdown_nofocus.png</texturenofocus>
				<onclick>Quit()</onclick>
				<label>EXIT</label>
				<visible>System.ShowExitButton</visible>
			</control>
			<control type="image" id="9">
				<description>background image</description>
				<width>410</width>
				<height>20</height>
				<texture border="30,2,30,20">button_shutdown_nofocus.png</texture>
			</control>
		</control>
	</controls>
</window>