<colors>
	<color name="white">FFFFFFFF</color>
	<color name="white2">FFDFDFDF</color>
	<color name="grey">FFC0C0C0</color>
	<color name="grey2">FF808080</color>
	<color name="grey3">FF505050</color>
	<color name="black">FF000000</color>
	<color name="blue">FF00385c</color>
	<color name="red">FFc72425</color>
	<color name="green">FF005100</color>
	<color name="cyan">FF000000</color>
	<color name="pink">FF7f0060</color>
	<color name="selected">8C1491bf</color>
	<color name="invalid">FFFF0000</color>
	<color name="themecolor">FFaaccff</color>
	<color name="themecolor_transparent">8C033B5E5</color>
	<color name="shadow">FF000000</color>
</colors>