<?xml version="1.0" encoding="UTF-8" standalone="yes"?>
<addon id="script.scorpion.metadata" version="0.1" name="Scorpion Metadata" provider-name="Pick">
	<requires>
		<import addon="xbmc.python"/>
	</requires>
	<extension point="xbmc.python.module" library="lib" />
	<extension point="xbmc.addon.metadata">
		<summary>Metadata for the Scorpion Addon</summary>
		<description>Metadata for Scorpion are maintained separately to make distribution of the the addon itself easier/faster.</description>
		<platform>all</platform>
	</extension>
</addon>
