<?xml version="1.0" encoding="UTF-8"?>
<addon id="skin.Scorpion" version="0.1" name="SCORPION" provider-name="Pick">
	<requires>
		<import addon="xbmc.gui" version="5.12.0"/>
		<import addon="resource.images.studios.coloured"/>
		<import addon="plugin.program.autocompletion" version="1.0.1"/>
	</requires>
	<extension point="xbmc.gui.skin" debugging="false" effectslowdown="0.75">
		<res width="1920" height="1080" aspect="16:9" default="true" folder="16x9" />
	</extension>
	<extension point="xbmc.addon.metadata">
		<summary lang="es_ES">The F...?</summary>
		<description>IM LOST</description>
		<platform>all</platform>
		<license>CC BY-NC-SA 4.0</license>
	</extension>
</addon>
